distribution_cost_id,date_key,stay_date,channel_id,rooms_sold_via_channel,gross_revenue_via_channel,commission_amount,promotion_cost,marketing_spend,total_distribution_cost,created_at
1,20250601,2025-06-01,1,41,101520000,18273600,3226000,504270,22003870,2025-06-01 03:00:00
2,20250601,2025-06-01,2,55,138770000,27754000,6590000,462412,34806412,2025-06-01 03:00:00
3,20250601,2025-06-01,3,23,43370000,6505500,2201000,575024,9281524,2025-06-01 03:00:00
4,20250601,2025-06-01,4,10,18710000,3180700,924000,395098,4499798,2025-06-01 03:00:00
5,20250601,2025-06-01,5,34,80260000,0,3260000,1676273,4936273,2025-06-01 03:00:00
6,20250601,2025-06-01,6,5,12720000,0,500000,1935077,2435077,2025-06-01 03:00:00
7,20250601,2025-06-01,7,22,48720000,4872000,1970000,310927,7152927,2025-06-01 03:00:00
8,20250602,2025-06-02,1,38,85240000,15343200,3403000,435555,19181755,2025-06-02 03:00:00
9,20250602,2025-06-02,2,48,106420000,21284000,5890000,476636,27650636,2025-06-02 03:00:00
10,20250602,2025-06-02,3,17,32340000,4851000,1731000,364239,6946239,2025-06-02 03:00:00
11,20250602,2025-06-02,4,10,14310000,2432700,1125000,363124,3920824,2025-06-02 03:00:00
12,20250602,2025-06-02,5,29,59490000,0,2570000,1775821,4345821,2025-06-02 03:00:00
13,20250602,2025-06-02,6,5,11500000,0,450000,1967855,2417855,2025-06-02 03:00:00
14,20250602,2025-06-02,7,20,38030000,3803000,1550000,253417,5606417,2025-06-02 03:00:00
15,20250603,2025-06-03,1,46,104360000,18784800,3599000,521907,22905707,2025-06-03 03:00:00
16,20250603,2025-06-03,2,45,87770000,17554000,4815000,442462,22811462,2025-06-03 03:00:00
17,20250603,2025-06-03,3,20,47330000,7099500,2161000,350822,9611322,2025-06-03 03:00:00
18,20250603,2025-06-03,4,10,22930000,3898100,833000,578335,5309435,2025-06-03 03:00:00
19,20250603,2025-06-03,5,20,38470000,0,2100000,1551022,3651022,2025-06-03 03:00:00
20,20250603,2025-06-03,6,5,9770000,0,200000,1543731,1743731,2025-06-03 03:00:00
21,20250603,2025-06-03,7,20,36190000,3619000,1570000,320288,5509288,2025-06-03 03:00:00
22,20250604,2025-06-04,1,50,108720000,19569600,5153000,468454,25191054,2025-06-04 03:00:00
23,20250604,2025-06-04,2,44,89030000,17806000,4928000,570819,23304819,2025-06-04 03:00:00
24,20250604,2025-06-04,3,20,43940000,6591000,1957000,598080,9146080,2025-06-04 03:00:00
25,20250604,2025-06-04,4,10,16620000,2825400,836000,445452,4106852,2025-06-04 03:00:00
26,20250604,2025-06-04,5,25,49310000,0,1780000,1622512,3402512,2025-06-04 03:00:00
27,20250604,2025-06-04,6,6,18240000,0,350000,1805652,2155652,2025-06-04 03:00:00
28,20250604,2025-06-04,7,19,37160000,3716000,910000,373598,4999598,2025-06-04 03:00:00
29,20250605,2025-06-05,1,48,101620000,18291600,4478000,447203,23216803,2025-06-05 03:00:00
30,20250605,2025-06-05,2,35,74810000,14962000,4555000,406542,19923542,2025-06-05 03:00:00
31,20250605,2025-06-05,3,22,47220000,7083000,1975000,501452,9559452,2025-06-05 03:00:00
32,20250605,2025-06-05,4,11,20100000,3417000,1372000,422615,5211615,2025-06-05 03:00:00
33,20250605,2025-06-05,5,28,54350000,0,2250000,1750104,4000104,2025-06-05 03:00:00
34,20250605,2025-06-05,6,10,26360000,0,1100000,1743616,2843616,2025-06-05 03:00:00
35,20250605,2025-06-05,7,21,37680000,3768000,1110000,324135,5202135,2025-06-05 03:00:00
36,20250606,2025-06-06,1,46,93620000,16851600,5231000,430408,22513008,2025-06-06 03:00:00
37,20250606,2025-06-06,2,34,86960000,17392000,6170000,592150,24154150,2025-06-06 03:00:00
38,20250606,2025-06-06,3,26,52100000,7815000,2924000,441523,11180523,2025-06-06 03:00:00
39,20250606,2025-06-06,4,7,13080000,2223600,556000,523286,3302886,2025-06-06 03:00:00
40,20250606,2025-06-06,5,35,68990000,0,2920000,1953052,4873052,2025-06-06 03:00:00
41,20250606,2025-06-06,6,11,20470000,0,1290000,1755005,3045005,2025-06-06 03:00:00
42,20250606,2025-06-06,7,24,50860000,5086000,2850000,393700,8329700,2025-06-06 03:00:00
43,20250607,2025-06-07,1,48,107060000,19270800,6341000,518242,26130042,2025-06-07 03:00:00
44,20250607,2025-06-07,2,40,102930000,20586000,7332000,384283,28302283,2025-06-07 03:00:00
45,20250607,2025-06-07,3,30,67960000,10194000,3330000,454480,13978480,2025-06-07 03:00:00
46,20250607,2025-06-07,4,8,17100000,2907000,525000,573081,4005081,2025-06-07 03:00:00
47,20250607,2025-06-07,5,24,53050000,0,1890000,1700804,3590804,2025-06-07 03:00:00
48,20250607,2025-06-07,6,11,23360000,0,1370000,1990659,3360659,2025-06-07 03:00:00
49,20250607,2025-06-07,7,31,69880000,6988000,3810000,354130,11152130,2025-06-07 03:00:00
50,20250608,2025-06-08,1,43,107870000,19416600,5307000,508323,25231923,2025-06-08 03:00:00
51,20250608,2025-06-08,2,44,110930000,22186000,5559000,500111,28245111,2025-06-08 03:00:00
52,20250608,2025-06-08,3,35,74170000,11125500,2833000,517108,14475608,2025-06-08 03:00:00
53,20250608,2025-06-08,4,11,23620000,4015400,1302000,579478,5896878,2025-06-08 03:00:00
54,20250608,2025-06-08,5,24,56680000,0,1730000,1848326,3578326,2025-06-08 03:00:00
55,20250608,2025-06-08,6,8,17430000,0,980000,1831394,2811394,2025-06-08 03:00:00
56,20250608,2025-06-08,7,27,56440000,5644000,2720000,261529,8625529,2025-06-08 03:00:00
57,20250609,2025-06-09,1,40,85280000,15350400,4223000,430658,20004058,2025-06-09 03:00:00
58,20250609,2025-06-09,2,41,86840000,17368000,4005000,398952,21771952,2025-06-09 03:00:00
59,20250609,2025-06-09,3,28,60830000,9124500,2575000,503581,12203081,2025-06-09 03:00:00
60,20250609,2025-06-09,4,12,22460000,3818200,1590000,490118,5898318,2025-06-09 03:00:00
61,20250609,2025-06-09,5,20,41780000,0,1680000,2036072,3716072,2025-06-09 03:00:00
62,20250609,2025-06-09,6,6,14030000,0,460000,1993842,2453842,2025-06-09 03:00:00
63,20250609,2025-06-09,7,21,39610000,3961000,1900000,432774,6293774,2025-06-09 03:00:00
64,20250610,2025-06-10,1,43,90600000,16308000,5582000,483261,22373261,2025-06-10 03:00:00
65,20250610,2025-06-10,2,45,87890000,17578000,3824000,414960,21816960,2025-06-10 03:00:00
66,20250610,2025-06-10,3,26,61430000,9214500,3268000,562593,13045093,2025-06-10 03:00:00
67,20250610,2025-06-10,4,13,24500000,4165000,1572000,573288,6310288,2025-06-10 03:00:00
68,20250610,2025-06-10,5,17,36770000,0,2200000,1609790,3809790,2025-06-10 03:00:00
69,20250610,2025-06-10,6,8,17060000,0,300000,1585896,1885896,2025-06-10 03:00:00
70,20250610,2025-06-10,7,19,35050000,3505000,1000000,344787,4849787,2025-06-10 03:00:00
71,20250611,2025-06-11,1,45,93110000,16759800,5803000,393647,22956447,2025-06-11 03:00:00
72,20250611,2025-06-11,2,41,77110000,15422000,4035000,428971,19885971,2025-06-11 03:00:00
73,20250611,2025-06-11,3,23,53690000,8053500,2960000,536767,11550267,2025-06-11 03:00:00
74,20250611,2025-06-11,4,10,19220000,3267400,1122000,494223,4883623,2025-06-11 03:00:00
75,20250611,2025-06-11,5,29,60880000,0,2900000,2036835,4936835,2025-06-11 03:00:00
76,20250611,2025-06-11,6,9,19320000,0,850000,1542294,2392294,2025-06-11 03:00:00
77,20250611,2025-06-11,7,19,39250000,3925000,1440000,369578,5734578,2025-06-11 03:00:00
78,20250612,2025-06-12,1,40,86260000,15526800,5813000,410304,21750104,2025-06-12 03:00:00
79,20250612,2025-06-12,2,37,71370000,14274000,3589000,441804,18304804,2025-06-12 03:00:00
80,20250612,2025-06-12,3,17,39180000,5877000,1961000,501488,8339488,2025-06-12 03:00:00
81,20250612,2025-06-12,4,14,25750000,4377500,1097000,449471,5923971,2025-06-12 03:00:00
82,20250612,2025-06-12,5,41,78870000,0,3660000,1902319,5562319,2025-06-12 03:00:00
83,20250612,2025-06-12,6,10,19960000,0,770000,1807180,2577180,2025-06-12 03:00:00
84,20250612,2025-06-12,7,19,43490000,4349000,1160000,265357,5774357,2025-06-12 03:00:00
85,20250613,2025-06-13,1,40,89110000,16039800,6091000,413975,22544775,2025-06-13 03:00:00
86,20250613,2025-06-13,2,40,85060000,17012000,4267000,364662,21643662,2025-06-13 03:00:00
87,20250613,2025-06-13,3,26,61140000,9171000,3072000,375434,12618434,2025-06-13 03:00:00
88,20250613,2025-06-13,4,17,33320000,5664400,1223000,517870,7405270,2025-06-13 03:00:00
89,20250613,2025-06-13,5,37,79420000,0,4560000,1997573,6557573,2025-06-13 03:00:00
90,20250613,2025-06-13,6,11,22280000,0,870000,1696448,2566448,2025-06-13 03:00:00
91,20250613,2025-06-13,7,23,52680000,5268000,1870000,435362,7573362,2025-06-13 03:00:00
92,20250614,2025-06-14,1,48,129750000,23355000,6294000,508026,30157026,2025-06-14 03:00:00
93,20250614,2025-06-14,2,41,96230000,19246000,4693000,590174,24529174,2025-06-14 03:00:00
94,20250614,2025-06-14,3,38,84900000,12735000,4133000,352396,17220396,2025-06-14 03:00:00
95,20250614,2025-06-14,4,9,25100000,4267000,1373000,376600,6016600,2025-06-14 03:00:00
96,20250614,2025-06-14,5,35,84370000,0,4810000,1808199,6618199,2025-06-14 03:00:00
97,20250614,2025-06-14,6,11,22830000,0,730000,1902311,2632311,2025-06-14 03:00:00
98,20250614,2025-06-14,7,21,51810000,5181000,1580000,274028,7035028,2025-06-14 03:00:00
99,20250615,2025-06-15,1,47,121460000,21862800,5570000,448875,27881675,2025-06-15 03:00:00
100,20250615,2025-06-15,2,51,128190000,25638000,6653000,596025,32887025,2025-06-15 03:00:00
101,20250615,2025-06-15,3,36,85850000,12877500,2749000,467826,16094326,2025-06-15 03:00:00
102,20250615,2025-06-15,4,8,22180000,3770600,1837000,364945,5972545,2025-06-15 03:00:00
103,20250615,2025-06-15,5,33,71550000,0,3840000,1551995,5391995,2025-06-15 03:00:00
104,20250615,2025-06-15,6,9,17170000,0,370000,1962130,2332130,2025-06-15 03:00:00
105,20250615,2025-06-15,7,20,51370000,5137000,1830000,312607,7279607,2025-06-15 03:00:00
106,20250616,2025-06-16,1,40,82380000,14828400,4255000,536234,19619634,2025-06-16 03:00:00
107,20250616,2025-06-16,2,49,104590000,20918000,5452000,475402,26845402,2025-06-16 03:00:00
108,20250616,2025-06-16,3,24,53960000,8094000,1955000,506905,10555905,2025-06-16 03:00:00
109,20250616,2025-06-16,4,9,15770000,2680900,892000,487180,4060080,2025-06-16 03:00:00
110,20250616,2025-06-16,5,22,40830000,0,2200000,1761063,3961063,2025-06-16 03:00:00
111,20250616,2025-06-16,6,9,17710000,0,650000,2020534,2670534,2025-06-16 03:00:00
112,20250616,2025-06-16,7,18,40230000,4023000,1560000,308350,5891350,2025-06-16 03:00:00
113,20250617,2025-06-17,1,41,93000000,16740000,4371000,422230,21533230,2025-06-17 03:00:00
114,20250617,2025-06-17,2,44,89410000,17882000,4751000,589452,23222452,2025-06-17 03:00:00
115,20250617,2025-06-17,3,21,49730000,7459500,1677000,583980,9720480,2025-06-17 03:00:00
116,20250617,2025-06-17,4,8,15910000,2704700,728000,527954,3960654,2025-06-17 03:00:00
117,20250617,2025-06-17,5,28,49970000,0,2640000,1923060,4563060,2025-06-17 03:00:00
118,20250617,2025-06-17,6,8,18350000,0,410000,1587287,1997287,2025-06-17 03:00:00
119,20250617,2025-06-17,7,22,39660000,3966000,2260000,418586,6644586,2025-06-17 03:00:00
120,20250618,2025-06-18,1,42,90830000,16349400,3516000,362358,20227758,2025-06-18 03:00:00
121,20250618,2025-06-18,2,42,84010000,16802000,3974000,570832,21346832,2025-06-18 03:00:00
122,20250618,2025-06-18,3,22,52490000,7873500,2429000,579760,10882260,2025-06-18 03:00:00
123,20250618,2025-06-18,4,10,19700000,3349000,721000,429261,4499261,2025-06-18 03:00:00
124,20250618,2025-06-18,5,31,64820000,0,2560000,2008995,4568995,2025-06-18 03:00:00
125,20250618,2025-06-18,6,9,18770000,0,790000,1662436,2452436,2025-06-18 03:00:00
126,20250618,2025-06-18,7,24,41920000,4192000,2040000,307570,6539570,2025-06-18 03:00:00
127,20250619,2025-06-19,1,45,97440000,17539200,3968000,507497,22014697,2025-06-19 03:00:00
128,20250619,2025-06-19,2,40,75670000,15134000,3822000,478259,19434259,2025-06-19 03:00:00
129,20250619,2025-06-19,3,23,48430000,7264500,2367000,473685,10105185,2025-06-19 03:00:00
130,20250619,2025-06-19,4,11,24130000,4102100,833000,485015,5420115,2025-06-19 03:00:00
131,20250619,2025-06-19,5,29,62890000,0,3080000,1852203,4932203,2025-06-19 03:00:00
132,20250619,2025-06-19,6,5,11600000,0,520000,1699127,2219127,2025-06-19 03:00:00
133,20250619,2025-06-19,7,27,48890000,4889000,2860000,408507,8157507,2025-06-19 03:00:00
134,20250620,2025-06-20,1,48,108240000,19483200,4183000,582050,24248250,2025-06-20 03:00:00
135,20250620,2025-06-20,2,43,91770000,18354000,5050000,421024,23825024,2025-06-20 03:00:00
136,20250620,2025-06-20,3,25,52220000,7833000,2792000,481950,11106950,2025-06-20 03:00:00
137,20250620,2025-06-20,4,11,27110000,4608700,1169000,395816,6173516,2025-06-20 03:00:00
138,20250620,2025-06-20,5,29,60170000,0,2620000,1749445,4369445,2025-06-20 03:00:00
139,20250620,2025-06-20,6,5,13430000,0,400000,2061224,2461224,2025-06-20 03:00:00
140,20250620,2025-06-20,7,29,60440000,6044000,3420000,336517,9800517,2025-06-20 03:00:00
141,20250621,2025-06-21,1,54,124130000,22343400,5622000,449465,28414865,2025-06-21 03:00:00
142,20250621,2025-06-21,2,44,107630000,21526000,5692000,372234,27590234,2025-06-21 03:00:00
143,20250621,2025-06-21,3,32,79080000,11862000,3358000,447921,15667921,2025-06-21 03:00:00
144,20250621,2025-06-21,4,7,16690000,2837300,490000,561400,3888700,2025-06-21 03:00:00
145,20250621,2025-06-21,5,31,74140000,0,2330000,1713216,4043216,2025-06-21 03:00:00
146,20250621,2025-06-21,6,4,8630000,0,210000,1549555,1759555,2025-06-21 03:00:00
147,20250621,2025-06-21,7,25,61770000,6177000,2840000,304779,9321779,2025-06-21 03:00:00
148,20250622,2025-06-22,1,55,117310000,21115800,6395000,528007,28038807,2025-06-22 03:00:00
149,20250622,2025-06-22,2,47,110080000,22016000,6293000,465643,28774643,2025-06-22 03:00:00
150,20250622,2025-06-22,3,29,76960000,11544000,3287000,514594,15345594,2025-06-22 03:00:00
151,20250622,2025-06-22,4,11,24670000,4193900,1198000,532592,5924492,2025-06-22 03:00:00
152,20250622,2025-06-22,5,21,52180000,0,1550000,1765024,3315024,2025-06-22 03:00:00
153,20250622,2025-06-22,6,6,13680000,0,750000,1578399,2328399,2025-06-22 03:00:00
154,20250622,2025-06-22,7,29,76590000,7659000,3430000,363924,11452924,2025-06-22 03:00:00
155,20250623,2025-06-23,1,45,80270000,14448600,4404000,478029,19330629,2025-06-23 03:00:00
156,20250623,2025-06-23,2,41,83900000,16780000,4262000,376874,21418874,2025-06-23 03:00:00
157,20250623,2025-06-23,3,27,64900000,9735000,2554000,500867,12789867,2025-06-23 03:00:00
158,20250623,2025-06-23,4,10,18390000,3126300,1394000,565482,5085782,2025-06-23 03:00:00
159,20250623,2025-06-23,5,18,37230000,0,1040000,1792573,2832573,2025-06-23 03:00:00
160,20250623,2025-06-23,6,4,7450000,0,270000,1566646,1836646,2025-06-23 03:00:00
161,20250623,2025-06-23,7,29,63940000,6394000,3040000,315605,9749605,2025-06-23 03:00:00
162,20250624,2025-06-24,1,41,86390000,15550200,4631000,390741,20571941,2025-06-24 03:00:00
163,20250624,2025-06-24,2,41,82920000,16584000,3942000,599261,21125261,2025-06-24 03:00:00
164,20250624,2025-06-24,3,27,61140000,9171000,2176000,543354,11890354,2025-06-24 03:00:00
165,20250624,2025-06-24,4,13,25270000,4295900,1758000,395590,6449490,2025-06-24 03:00:00
166,20250624,2025-06-24,5,19,35310000,0,2050000,1755851,3805851,2025-06-24 03:00:00
167,20250624,2025-06-24,6,7,11260000,0,520000,1989628,2509628,2025-06-24 03:00:00
168,20250624,2025-06-24,7,25,53620000,5362000,2780000,431750,8573750,2025-06-24 03:00:00
169,20250625,2025-06-25,1,53,115180000,20732400,5565000,384400,26681800,2025-06-25 03:00:00
170,20250625,2025-06-25,2,32,69020000,13804000,3197000,396327,17397327,2025-06-25 03:00:00
171,20250625,2025-06-25,3,27,57070000,8560500,2467000,432747,11460247,2025-06-25 03:00:00
172,20250625,2025-06-25,4,8,16840000,2862800,1413000,556146,4831946,2025-06-25 03:00:00
173,20250625,2025-06-25,5,30,64390000,0,3290000,1756539,5046539,2025-06-25 03:00:00
174,20250625,2025-06-25,6,12,21790000,0,640000,1707649,2347649,2025-06-25 03:00:00
175,20250625,2025-06-25,7,21,35320000,3532000,1150000,308419,4990419,2025-06-25 03:00:00
176,20250626,2025-06-26,1,40,84290000,15172200,3721000,418703,19311903,2025-06-26 03:00:00
177,20250626,2025-06-26,2,37,83070000,16614000,3760000,518961,20892961,2025-06-26 03:00:00
178,20250626,2025-06-26,3,28,54200000,8130000,2852000,466923,11448923,2025-06-26 03:00:00
179,20250626,2025-06-26,4,9,14880000,2529600,940000,533675,4003275,2025-06-26 03:00:00
180,20250626,2025-06-26,5,32,72870000,0,3760000,2022532,5782532,2025-06-26 03:00:00
181,20250626,2025-06-26,6,11,21410000,0,690000,1624987,2314987,2025-06-26 03:00:00
182,20250626,2025-06-26,7,25,44820000,4482000,1570000,352251,6404251,2025-06-26 03:00:00
183,20250627,2025-06-27,1,37,74940000,13489200,3415000,553117,17457317,2025-06-27 03:00:00
184,20250627,2025-06-27,2,36,89670000,17934000,4278000,544823,22756823,2025-06-27 03:00:00
185,20250627,2025-06-27,3,30,63950000,9592500,3361000,551054,13504554,2025-06-27 03:00:00
186,20250627,2025-06-27,4,10,19830000,3371100,917000,505452,4793552,2025-06-27 03:00:00
187,20250627,2025-06-27,5,37,85000000,0,4320000,2040157,6360157,2025-06-27 03:00:00
188,20250627,2025-06-27,6,9,19450000,0,800000,1763400,2563400,2025-06-27 03:00:00
189,20250627,2025-06-27,7,32,61190000,6119000,2100000,274321,8493321,2025-06-27 03:00:00
190,20250628,2025-06-28,1,42,101630000,18293400,4661000,390401,23344801,2025-06-28 03:00:00
191,20250628,2025-06-28,2,44,107730000,21546000,4987000,456637,26989637,2025-06-28 03:00:00
192,20250628,2025-06-28,3,28,68830000,10324500,3823000,442038,14589538,2025-06-28 03:00:00
193,20250628,2025-06-28,4,10,22230000,3779100,1409000,539526,5727626,2025-06-28 03:00:00
194,20250628,2025-06-28,5,44,102940000,0,5270000,1699601,6969601,2025-06-28 03:00:00
195,20250628,2025-06-28,6,7,16600000,0,860000,1892373,2752373,2025-06-28 03:00:00
196,20250628,2025-06-28,7,26,59420000,5942000,2410000,448375,8800375,2025-06-28 03:00:00
197,20250629,2025-06-29,1,51,129890000,23380200,5784000,458942,29623142,2025-06-29 03:00:00
198,20250629,2025-06-29,2,44,112130000,22426000,5923000,453229,28802229,2025-06-29 03:00:00
199,20250629,2025-06-29,3,29,72120000,10818000,4213000,480216,15511216,2025-06-29 03:00:00
200,20250629,2025-06-29,4,8,19390000,3296300,1099000,504954,4900254,2025-06-29 03:00:00
201,20250629,2025-06-29,5,42,92280000,0,4550000,1985990,6535990,2025-06-29 03:00:00
202,20250629,2025-06-29,6,6,12610000,0,970000,1843321,2813321,2025-06-29 03:00:00
203,20250629,2025-06-29,7,21,44730000,4473000,2230000,406037,7109037,2025-06-29 03:00:00
204,20250630,2025-06-30,1,49,109270000,19668600,5144000,415958,25228558,2025-06-30 03:00:00
205,20250630,2025-06-30,2,45,96070000,19214000,5314000,550632,25078632,2025-06-30 03:00:00
206,20250630,2025-06-30,3,21,45020000,6753000,2714000,575852,10042852,2025-06-30 03:00:00
207,20250630,2025-06-30,4,7,13950000,2371500,616000,502746,3490246,2025-06-30 03:00:00
208,20250630,2025-06-30,5,26,48810000,0,2570000,1567838,4137838,2025-06-30 03:00:00
209,20250630,2025-06-30,6,6,9990000,0,780000,1706360,2486360,2025-06-30 03:00:00
210,20250630,2025-06-30,7,22,39660000,3966000,1450000,401270,5817270,2025-06-30 03:00:00
211,20250701,2025-07-01,1,50,118310000,21295800,5936000,581625,27813425,2025-07-01 03:00:00
212,20250701,2025-07-01,2,50,125190000,25038000,6109000,582137,31729137,2025-07-01 03:00:00
213,20250701,2025-07-01,3,21,52010000,7801500,2250000,441744,10493244,2025-07-01 03:00:00
214,20250701,2025-07-01,4,5,12490000,2123300,574000,448105,3145405,2025-07-01 03:00:00
215,20250701,2025-07-01,5,29,65650000,0,3110000,1915373,5025373,2025-07-01 03:00:00
216,20250701,2025-07-01,6,6,11860000,0,620000,1743537,2363537,2025-07-01 03:00:00
217,20250701,2025-07-01,7,24,52250000,5225000,2080000,304260,7609260,2025-07-01 03:00:00
218,20250702,2025-07-02,1,47,123350000,22203000,5485000,537824,28225824,2025-07-02 03:00:00
219,20250702,2025-07-02,2,59,144950000,28990000,5413000,523057,34926057,2025-07-02 03:00:00
220,20250702,2025-07-02,3,19,47200000,7080000,1450000,534898,9064898,2025-07-02 03:00:00
221,20250702,2025-07-02,4,6,14100000,2397000,994000,402897,3793897,2025-07-02 03:00:00
222,20250702,2025-07-02,5,32,75850000,0,3240000,1755393,4995393,2025-07-02 03:00:00
223,20250702,2025-07-02,6,5,10970000,0,530000,1950446,2480446,2025-07-02 03:00:00
224,20250702,2025-07-02,7,26,53510000,5351000,1600000,273269,7224269,2025-07-02 03:00:00
225,20250703,2025-07-03,1,49,132980000,23936400,6759000,356286,31051686,2025-07-03 03:00:00
226,20250703,2025-07-03,2,56,134600000,26920000,4864000,402202,32186202,2025-07-03 03:00:00
227,20250703,2025-07-03,3,22,52950000,7942500,1728000,421723,10092223,2025-07-03 03:00:00
228,20250703,2025-07-03,4,10,29320000,4984400,1637000,431171,7052571,2025-07-03 03:00:00
229,20250703,2025-07-03,5,29,66860000,0,2780000,2069795,4849795,2025-07-03 03:00:00
230,20250703,2025-07-03,6,5,10850000,0,340000,1765435,2105435,2025-07-03 03:00:00
231,20250703,2025-07-03,7,22,43280000,4328000,1080000,444728,5852728,2025-07-03 03:00:00
232,20250704,2025-07-04,1,56,156020000,28083600,7834000,360773,36278373,2025-07-04 03:00:00
233,20250704,2025-07-04,2,52,129960000,25992000,4615000,390542,30997542,2025-07-04 03:00:00
234,20250704,2025-07-04,3,25,73740000,11061000,2371000,447219,13879219,2025-07-04 03:00:00
235,20250704,2025-07-04,4,8,26520000,4508400,1578000,568025,6654425,2025-07-04 03:00:00
236,20250704,2025-07-04,5,28,68650000,0,2480000,1788517,4268517,2025-07-04 03:00:00
237,20250704,2025-07-04,6,7,15040000,0,790000,1502392,2292392,2025-07-04 03:00:00
238,20250704,2025-07-04,7,25,52560000,5256000,1590000,343498,7189498,2025-07-04 03:00:00
239,20250705,2025-07-05,1,52,152660000,27478800,8461000,362901,36302701,2025-07-05 03:00:00
240,20250705,2025-07-05,2,52,143080000,28616000,5635000,517788,34768788,2025-07-05 03:00:00
241,20250705,2025-07-05,3,28,75850000,11377500,4096000,519318,15992818,2025-07-05 03:00:00
242,20250705,2025-07-05,4,9,28360000,4821200,1787000,463705,7071905,2025-07-05 03:00:00
243,20250705,2025-07-05,5,32,95700000,0,4440000,1900876,6340876,2025-07-05 03:00:00
244,20250705,2025-07-05,6,12,32140000,0,970000,1963177,2933177,2025-07-05 03:00:00
245,20250705,2025-07-05,7,23,55770000,5577000,2380000,362255,8319255,2025-07-05 03:00:00
246,20250706,2025-07-06,1,51,138160000,24868800,7843000,386674,33098474,2025-07-06 03:00:00
247,20250706,2025-07-06,2,51,154970000,30994000,6898000,557635,38449635,2025-07-06 03:00:00
248,20250706,2025-07-06,3,30,80820000,12123000,4245000,439198,16807198,2025-07-06 03:00:00
249,20250706,2025-07-06,4,10,29620000,5035400,1627000,430426,7092826,2025-07-06 03:00:00
250,20250706,2025-07-06,5,30,89650000,0,5370000,2096228,7466228,2025-07-06 03:00:00
251,20250706,2025-07-06,6,17,47170000,0,1560000,1823473,3383473,2025-07-06 03:00:00
252,20250706,2025-07-06,7,19,44110000,4411000,2450000,260572,7121572,2025-07-06 03:00:00
253,20250707,2025-07-07,1,48,102990000,18538200,5762000,484647,24784847,2025-07-07 03:00:00
254,20250707,2025-07-07,2,42,111380000,22276000,5461000,540875,28277875,2025-07-07 03:00:00
255,20250707,2025-07-07,3,24,55310000,8296500,2627000,356403,11279903,2025-07-07 03:00:00
256,20250707,2025-07-07,4,12,31010000,5271700,1598000,476285,7345985,2025-07-07 03:00:00
257,20250707,2025-07-07,5,28,74490000,0,3940000,2062641,6002641,2025-07-07 03:00:00
258,20250707,2025-07-07,6,10,23630000,0,650000,1969480,2619480,2025-07-07 03:00:00
259,20250707,2025-07-07,7,21,38620000,3862000,2360000,347341,6569341,2025-07-07 03:00:00
260,20250708,2025-07-08,1,50,119610000,21529800,6138000,549743,28217543,2025-07-08 03:00:00
261,20250708,2025-07-08,2,42,102250000,20450000,5555000,527063,26532063,2025-07-08 03:00:00
262,20250708,2025-07-08,3,24,55040000,8256000,1762000,475510,10493510,2025-07-08 03:00:00
263,20250708,2025-07-08,4,12,28860000,4906200,1352000,419714,6677914,2025-07-08 03:00:00
264,20250708,2025-07-08,5,29,77260000,0,2780000,1552249,4332249,2025-07-08 03:00:00
265,20250708,2025-07-08,6,7,15120000,0,160000,1516721,1676721,2025-07-08 03:00:00
266,20250708,2025-07-08,7,21,38950000,3895000,1870000,342721,6107721,2025-07-08 03:00:00
267,20250709,2025-07-09,1,46,114290000,20572200,5590000,380338,26542538,2025-07-09 03:00:00
268,20250709,2025-07-09,2,38,101890000,20378000,5444000,427944,26249944,2025-07-09 03:00:00
269,20250709,2025-07-09,3,39,89760000,13464000,4188000,462107,18114107,2025-07-09 03:00:00
270,20250709,2025-07-09,4,13,34160000,5807200,1660000,380160,7847360,2025-07-09 03:00:00
271,20250709,2025-07-09,5,32,77630000,0,3470000,1898900,5368900,2025-07-09 03:00:00
272,20250709,2025-07-09,6,8,17430000,0,1000000,1797836,2797836,2025-07-09 03:00:00
273,20250709,2025-07-09,7,19,37150000,3715000,2050000,330494,6095494,2025-07-09 03:00:00
274,20250710,2025-07-10,1,43,103330000,18599400,4570000,451977,23621377,2025-07-10 03:00:00
275,20250710,2025-07-10,2,37,99770000,19954000,3625000,391840,23970840,2025-07-10 03:00:00
276,20250710,2025-07-10,3,32,67490000,10123500,3431000,411393,13965893,2025-07-10 03:00:00
277,20250710,2025-07-10,4,12,27750000,4717500,1555000,464680,6737180,2025-07-10 03:00:00
278,20250710,2025-07-10,5,34,94240000,0,4970000,1512597,6482597,2025-07-10 03:00:00
279,20250710,2025-07-10,6,10,25110000,0,1520000,1638764,3158764,2025-07-10 03:00:00
280,20250710,2025-07-10,7,25,49940000,4994000,1480000,370398,6844398,2025-07-10 03:00:00
281,20250711,2025-07-11,1,47,120810000,21745800,5079000,398492,27223292,2025-07-11 03:00:00
282,20250711,2025-07-11,2,41,114500000,22900000,5038000,504065,28442065,2025-07-11 03:00:00
283,20250711,2025-07-11,3,31,73130000,10969500,3565000,521320,15055820,2025-07-11 03:00:00
284,20250711,2025-07-11,4,10,29800000,5066000,1095000,481999,6642999,2025-07-11 03:00:00
285,20250711,2025-07-11,5,30,82170000,0,5020000,1704750,6724750,2025-07-11 03:00:00
286,20250711,2025-07-11,6,13,33280000,0,1780000,1602763,3382763,2025-07-11 03:00:00
287,20250711,2025-07-11,7,28,59170000,5917000,2010000,298009,8225009,2025-07-11 03:00:00
288,20250712,2025-07-12,1,55,146640000,26395200,6632000,402970,33430170,2025-07-12 03:00:00
289,20250712,2025-07-12,2,50,138190000,27638000,7137000,472718,35247718,2025-07-12 03:00:00
290,20250712,2025-07-12,3,32,90910000,13636500,3821000,530810,17988310,2025-07-12 03:00:00
291,20250712,2025-07-12,4,6,25120000,4270400,640000,515415,5425815,2025-07-12 03:00:00
292,20250712,2025-07-12,5,37,116870000,0,5760000,1780973,7540973,2025-07-12 03:00:00
293,20250712,2025-07-12,6,10,30250000,0,1850000,1748969,3598969,2025-07-12 03:00:00
294,20250712,2025-07-12,7,19,45220000,4522000,1360000,288013,6170013,2025-07-12 03:00:00
295,20250713,2025-07-13,1,49,138360000,24904800,6328000,536391,31769191,2025-07-13 03:00:00
296,20250713,2025-07-13,2,54,150950000,30190000,7694000,573929,38457929,2025-07-13 03:00:00
297,20250713,2025-07-13,3,41,117480000,17622000,4618000,593451,22833451,2025-07-13 03:00:00
298,20250713,2025-07-13,4,10,29560000,5025200,944000,413088,6382288,2025-07-13 03:00:00
299,20250713,2025-07-13,5,29,91770000,0,4550000,1692088,6242088,2025-07-13 03:00:00
300,20250713,2025-07-13,6,10,28330000,0,1600000,1760869,3360869,2025-07-13 03:00:00
301,20250713,2025-07-13,7,16,38370000,3837000,1860000,412515,6109515,2025-07-13 03:00:00
302,20250714,2025-07-14,1,54,128360000,23104800,7326000,414663,30845463,2025-07-14 03:00:00
303,20250714,2025-07-14,2,45,103370000,20674000,5310000,517961,26501961,2025-07-14 03:00:00
304,20250714,2025-07-14,3,29,72530000,10879500,2561000,412709,13853209,2025-07-14 03:00:00
305,20250714,2025-07-14,4,9,21630000,3677100,1245000,374218,5296318,2025-07-14 03:00:00
306,20250714,2025-07-14,5,26,65850000,0,2800000,1812612,4612612,2025-07-14 03:00:00
307,20250714,2025-07-14,6,10,26770000,0,1980000,1949823,3929823,2025-07-14 03:00:00
308,20250714,2025-07-14,7,13,25770000,2577000,1210000,386224,4173224,2025-07-14 03:00:00
309,20250715,2025-07-15,1,48,117230000,21101400,6120000,367651,27589051,2025-07-15 03:00:00
310,20250715,2025-07-15,2,42,99380000,19876000,4132000,424179,24432179,2025-07-15 03:00:00
311,20250715,2025-07-15,3,35,91270000,13690500,4462000,488060,18640560,2025-07-15 03:00:00
312,20250715,2025-07-15,4,14,32610000,5543700,1022000,502479,7068179,2025-07-15 03:00:00
313,20250715,2025-07-15,5,25,56400000,0,2870000,1614558,4484558,2025-07-15 03:00:00
314,20250715,2025-07-15,6,10,23990000,0,1250000,2083912,3333912,2025-07-15 03:00:00
315,20250715,2025-07-15,7,12,22190000,2219000,1090000,252321,3561321,2025-07-15 03:00:00
316,20250716,2025-07-16,1,46,125240000,22543200,6737000,558766,29838966,2025-07-16 03:00:00
317,20250716,2025-07-16,2,40,90790000,18158000,4350000,425932,22933932,2025-07-16 03:00:00
318,20250716,2025-07-16,3,37,92190000,13828500,4293000,577343,18698843,2025-07-16 03:00:00
319,20250716,2025-07-16,4,15,33060000,5620200,1289000,429694,7338894,2025-07-16 03:00:00
320,20250716,2025-07-16,5,26,63990000,0,3750000,2054715,5804715,2025-07-16 03:00:00
321,20250716,2025-07-16,6,10,26040000,0,1450000,1562726,3012726,2025-07-16 03:00:00
322,20250716,2025-07-16,7,20,39780000,3978000,1940000,330349,6248349,2025-07-16 03:00:00
323,20250717,2025-07-17,1,59,156390000,28150200,8597000,466402,37213602,2025-07-17 03:00:00
324,20250717,2025-07-17,2,39,88490000,17698000,4672000,476581,22846581,2025-07-17 03:00:00
325,20250717,2025-07-17,3,23,57990000,8698500,2674000,424005,11796505,2025-07-17 03:00:00
326,20250717,2025-07-17,4,9,16950000,2881500,429000,461207,3771707,2025-07-17 03:00:00
327,20250717,2025-07-17,5,27,56480000,0,3220000,1771896,4991896,2025-07-17 03:00:00
328,20250717,2025-07-17,6,10,21570000,0,660000,2048569,2708569,2025-07-17 03:00:00
329,20250717,2025-07-17,7,26,64260000,6426000,3950000,413135,10789135,2025-07-17 03:00:00
330,20250718,2025-07-18,1,58,164010000,29521800,8083000,586883,38191683,2025-07-18 03:00:00
331,20250718,2025-07-18,2,41,103000000,20600000,5272000,477358,26349358,2025-07-18 03:00:00
332,20250718,2025-07-18,3,31,85110000,12766500,3561000,453386,16780886,2025-07-18 03:00:00
333,20250718,2025-07-18,4,8,18930000,3218100,1015000,390610,4623710,2025-07-18 03:00:00
334,20250718,2025-07-18,5,34,85620000,0,2890000,1655684,4545684,2025-07-18 03:00:00
335,20250718,2025-07-18,6,9,21270000,0,890000,1641288,2531288,2025-07-18 03:00:00
336,20250718,2025-07-18,7,29,78090000,7809000,4660000,257294,12726294,2025-07-18 03:00:00
337,20250719,2025-07-19,1,55,152310000,27415800,7566000,485651,35467451,2025-07-19 03:00:00
338,20250719,2025-07-19,2,43,114910000,22982000,6183000,554032,29719032,2025-07-19 03:00:00
339,20250719,2025-07-19,3,34,99870000,14980500,3603000,566017,19149517,2025-07-19 03:00:00
340,20250719,2025-07-19,4,7,20270000,3445900,1293000,509281,5248181,2025-07-19 03:00:00
341,20250719,2025-07-19,5,22,65090000,0,1950000,1588328,3538328,2025-07-19 03:00:00
342,20250719,2025-07-19,6,11,26210000,0,680000,1840562,2520562,2025-07-19 03:00:00
343,20250719,2025-07-19,7,37,103800000,10380000,6300000,430958,17110958,2025-07-19 03:00:00
344,20250720,2025-07-20,1,56,175970000,31674600,6743000,578652,38996252,2025-07-20 03:00:00
345,20250720,2025-07-20,2,42,115950000,23190000,6384000,399754,29973754,2025-07-20 03:00:00
346,20250720,2025-07-20,3,36,110130000,16519500,3957000,397523,20874023,2025-07-20 03:00:00
347,20250720,2025-07-20,4,11,29440000,5004800,1862000,397206,7264006,2025-07-20 03:00:00
348,20250720,2025-07-20,5,19,52030000,0,2500000,1885909,4385909,2025-07-20 03:00:00
349,20250720,2025-07-20,6,10,28730000,0,1090000,1634144,2724144,2025-07-20 03:00:00
350,20250720,2025-07-20,7,36,83710000,8371000,4970000,357103,13698103,2025-07-20 03:00:00
351,20250721,2025-07-21,1,54,140310000,25255800,5728000,400363,31384163,2025-07-21 03:00:00
352,20250721,2025-07-21,2,41,97930000,19586000,5041000,519022,25146022,2025-07-21 03:00:00
353,20250721,2025-07-21,3,26,62720000,9408000,3156000,355365,12919365,2025-07-21 03:00:00
354,20250721,2025-07-21,4,9,19120000,3250400,1469000,555834,5275234,2025-07-21 03:00:00
355,20250721,2025-07-21,5,18,43880000,0,1790000,1576175,3366175,2025-07-21 03:00:00
356,20250721,2025-07-21,6,8,19980000,0,640000,1650848,2290848,2025-07-21 03:00:00
357,20250721,2025-07-21,7,29,51480000,5148000,2640000,301529,8089529,2025-07-21 03:00:00
358,20250722,2025-07-22,1,53,118770000,21378600,5356000,412253,27146853,2025-07-22 03:00:00
359,20250722,2025-07-22,2,41,102790000,20558000,5250000,483693,26291693,2025-07-22 03:00:00
360,20250722,2025-07-22,3,26,56800000,8520000,3335000,547744,12402744,2025-07-22 03:00:00
361,20250722,2025-07-22,4,11,25440000,4324800,1504000,465962,6294762,2025-07-22 03:00:00
362,20250722,2025-07-22,5,21,55190000,0,2140000,1834342,3974342,2025-07-22 03:00:00
363,20250722,2025-07-22,6,7,17510000,0,980000,1547909,2527909,2025-07-22 03:00:00
364,20250722,2025-07-22,7,26,58090000,5809000,2740000,349226,8898226,2025-07-22 03:00:00
365,20250723,2025-07-23,1,52,115700000,20826000,6389000,360045,27575045,2025-07-23 03:00:00
366,20250723,2025-07-23,2,50,131790000,26358000,6702000,534123,33594123,2025-07-23 03:00:00
367,20250723,2025-07-23,3,31,79250000,11887500,2958000,426491,15271991,2025-07-23 03:00:00
368,20250723,2025-07-23,4,9,21800000,3706000,1316000,591538,5613538,2025-07-23 03:00:00
369,20250723,2025-07-23,5,24,62630000,0,1730000,1585026,3315026,2025-07-23 03:00:00
370,20250723,2025-07-23,6,8,15940000,0,950000,1702177,2652177,2025-07-23 03:00:00
371,20250723,2025-07-23,7,18,34400000,3440000,1600000,308021,5348021,2025-07-23 03:00:00
372,20250724,2025-07-24,1,48,107740000,19393200,6105000,477693,25975893,2025-07-24 03:00:00
373,20250724,2025-07-24,2,44,118540000,23708000,5999000,598975,30305975,2025-07-24 03:00:00
374,20250724,2025-07-24,3,36,92240000,13836000,3219000,552840,17607840,2025-07-24 03:00:00
375,20250724,2025-07-24,4,16,38270000,6505900,1692000,366198,8564098,2025-07-24 03:00:00
376,20250724,2025-07-24,5,26,59760000,0,2890000,1802099,4692099,2025-07-24 03:00:00
377,20250724,2025-07-24,6,6,11950000,0,1110000,2015081,3125081,2025-07-24 03:00:00
378,20250724,2025-07-24,7,17,37670000,3767000,1990000,369534,6126534,2025-07-24 03:00:00
379,20250725,2025-07-25,1,53,132210000,23797800,5914000,465377,30177177,2025-07-25 03:00:00
380,20250725,2025-07-25,2,43,126720000,25344000,5771000,460074,31575074,2025-07-25 03:00:00
381,20250725,2025-07-25,3,33,79210000,11881500,3902000,526320,16309820,2025-07-25 03:00:00
382,20250725,2025-07-25,4,11,25400000,4318000,1360000,423548,6101548,2025-07-25 03:00:00
383,20250725,2025-07-25,5,26,63000000,0,2930000,1976434,4906434,2025-07-25 03:00:00
384,20250725,2025-07-25,6,11,22780000,0,1390000,1888714,3278714,2025-07-25 03:00:00
385,20250725,2025-07-25,7,22,60770000,6077000,2990000,327987,9394987,2025-07-25 03:00:00
386,20250726,2025-07-26,1,50,138440000,24919200,5782000,573669,31274869,2025-07-26 03:00:00
387,20250726,2025-07-26,2,50,150310000,30062000,7190000,438174,37690174,2025-07-26 03:00:00
388,20250726,2025-07-26,3,29,87300000,13095000,3349000,530405,16974405,2025-07-26 03:00:00
389,20250726,2025-07-26,4,12,34640000,5888800,2168000,586684,8643484,2025-07-26 03:00:00
390,20250726,2025-07-26,5,28,73630000,0,3190000,1779411,4969411,2025-07-26 03:00:00
391,20250726,2025-07-26,6,13,30380000,0,2020000,2060188,4080188,2025-07-26 03:00:00
392,20250726,2025-07-26,7,26,69320000,6932000,2930000,251016,10113016,2025-07-26 03:00:00
393,20250727,2025-07-27,1,53,145460000,26182800,5606000,478926,32267726,2025-07-27 03:00:00
394,20250727,2025-07-27,2,61,190260000,38052000,11473000,588910,50113910,2025-07-27 03:00:00
395,20250727,2025-07-27,3,24,73220000,10983000,3690000,472343,15145343,2025-07-27 03:00:00
396,20250727,2025-07-27,4,9,26150000,4445500,1492000,511180,6448680,2025-07-27 03:00:00
397,20250727,2025-07-27,5,28,78480000,0,3300000,1726004,5026004,2025-07-27 03:00:00
398,20250727,2025-07-27,6,14,34030000,0,1770000,1524940,3294940,2025-07-27 03:00:00
399,20250727,2025-07-27,7,21,50940000,5094000,2650000,411175,8155175,2025-07-27 03:00:00
400,20250728,2025-07-28,1,47,112370000,20226600,3873000,518744,24618344,2025-07-28 03:00:00
401,20250728,2025-07-28,2,49,125240000,25048000,7221000,430594,32699594,2025-07-28 03:00:00
402,20250728,2025-07-28,3,22,56190000,8428500,3296000,497496,12221996,2025-07-28 03:00:00
403,20250728,2025-07-28,4,7,12790000,2174300,788000,381837,3344137,2025-07-28 03:00:00
404,20250728,2025-07-28,5,28,61070000,0,2540000,1684825,4224825,2025-07-28 03:00:00
405,20250728,2025-07-28,6,12,28630000,0,1580000,2019012,3599012,2025-07-28 03:00:00
406,20250728,2025-07-28,7,21,42320000,4232000,1840000,435260,6507260,2025-07-28 03:00:00
407,20250729,2025-07-29,1,47,116730000,21011400,6260000,383760,27655160,2025-07-29 03:00:00
408,20250729,2025-07-29,2,38,95880000,19176000,5599000,371954,25146954,2025-07-29 03:00:00
409,20250729,2025-07-29,3,28,66080000,9912000,3643000,515109,14070109,2025-07-29 03:00:00
410,20250729,2025-07-29,4,10,21340000,3627800,1190000,399900,5217700,2025-07-29 03:00:00
411,20250729,2025-07-29,5,29,61390000,0,3690000,2051120,5741120,2025-07-29 03:00:00
412,20250729,2025-07-29,6,11,27510000,0,1440000,2077248,3517248,2025-07-29 03:00:00
413,20250729,2025-07-29,7,24,49600000,4960000,1850000,311018,7121018,2025-07-29 03:00:00
414,20250730,2025-07-30,1,42,109150000,19647000,6235000,499330,26381330,2025-07-30 03:00:00
415,20250730,2025-07-30,2,47,112250000,22450000,5472000,446086,28368086,2025-07-30 03:00:00
416,20250730,2025-07-30,3,27,64260000,9639000,3081000,518043,13238043,2025-07-30 03:00:00
417,20250730,2025-07-30,4,9,19760000,3359200,1008000,577385,4944585,2025-07-30 03:00:00
418,20250730,2025-07-30,5,34,78280000,0,4730000,1592851,6322851,2025-07-30 03:00:00
419,20250730,2025-07-30,6,9,23920000,0,1380000,2070681,3450681,2025-07-30 03:00:00
420,20250730,2025-07-30,7,24,49390000,4939000,2350000,429443,7718443,2025-07-30 03:00:00
421,20250731,2025-07-31,1,37,97360000,17524800,5405000,574820,23504620,2025-07-31 03:00:00
422,20250731,2025-07-31,2,51,129530000,25906000,5877000,474320,32257320,2025-07-31 03:00:00
423,20250731,2025-07-31,3,29,69750000,10462500,3605000,480810,14548310,2025-07-31 03:00:00
424,20250731,2025-07-31,4,9,17400000,2958000,875000,406854,4239854,2025-07-31 03:00:00
425,20250731,2025-07-31,5,32,76380000,0,4110000,1602915,5712915,2025-07-31 03:00:00
426,20250731,2025-07-31,6,7,16150000,0,1310000,1603065,2913065,2025-07-31 03:00:00
427,20250731,2025-07-31,7,28,54130000,5413000,2380000,355408,8148408,2025-07-31 03:00:00
428,20250801,2025-08-01,1,47,116040000,20887200,6707000,504569,28098769,2025-08-01 03:00:00
429,20250801,2025-08-01,2,49,116310000,23262000,5634000,436745,29332745,2025-08-01 03:00:00
430,20250801,2025-08-01,3,36,81580000,12237000,4766000,387549,17390549,2025-08-01 03:00:00
431,20250801,2025-08-01,4,10,17750000,3017500,581000,457993,4056493,2025-08-01 03:00:00
432,20250801,2025-08-01,5,22,44090000,0,1720000,1605043,3325043,2025-08-01 03:00:00
433,20250801,2025-08-01,6,7,13480000,0,780000,2076278,2856278,2025-08-01 03:00:00
434,20250801,2025-08-01,7,19,32910000,3291000,1190000,448794,4929794,2025-08-01 03:00:00
435,20250802,2025-08-02,1,46,117780000,21200400,6255000,528929,27984329,2025-08-02 03:00:00
436,20250802,2025-08-02,2,46,122010000,24402000,5490000,596907,30488907,2025-08-02 03:00:00
437,20250802,2025-08-02,3,28,66560000,9984000,4157000,481374,14622374,2025-08-02 03:00:00
438,20250802,2025-08-02,4,11,27280000,4637600,581000,395484,5614084,2025-08-02 03:00:00
439,20250802,2025-08-02,5,28,66080000,0,2780000,1563664,4343664,2025-08-02 03:00:00
440,20250802,2025-08-02,6,12,26200000,0,1450000,2012738,3462738,2025-08-02 03:00:00
441,20250802,2025-08-02,7,28,62870000,6287000,2220000,303595,8810595,2025-08-02 03:00:00
442,20250803,2025-08-03,1,46,110490000,19888200,5999000,382404,26269604,2025-08-03 03:00:00
443,20250803,2025-08-03,2,49,125410000,25082000,6800000,451097,32333097,2025-08-03 03:00:00
444,20250803,2025-08-03,3,30,80680000,12102000,4342000,361454,16805454,2025-08-03 03:00:00
445,20250803,2025-08-03,4,12,29000000,4930000,1122000,595547,6647547,2025-08-03 03:00:00
446,20250803,2025-08-03,5,31,72890000,0,3200000,1761886,4961886,2025-08-03 03:00:00
447,20250803,2025-08-03,6,9,21310000,0,1250000,1922919,3172919,2025-08-03 03:00:00
448,20250803,2025-08-03,7,21,46800000,4680000,1580000,299103,6559103,2025-08-03 03:00:00
449,20250804,2025-08-04,1,46,99580000,17924400,5142000,535772,23602172,2025-08-04 03:00:00
450,20250804,2025-08-04,2,35,73280000,14656000,4051000,353911,19060911,2025-08-04 03:00:00
451,20250804,2025-08-04,3,29,62690000,9403500,3084000,429458,12916958,2025-08-04 03:00:00
452,20250804,2025-08-04,4,10,22590000,3840300,1179000,355953,5375253,2025-08-04 03:00:00
453,20250804,2025-08-04,5,27,61830000,0,2040000,1776640,3816640,2025-08-04 03:00:00
454,20250804,2025-08-04,6,8,15800000,0,1050000,1721856,2771856,2025-08-04 03:00:00
455,20250804,2025-08-04,7,21,39150000,3915000,1470000,336497,5721497,2025-08-04 03:00:00
456,20250805,2025-08-05,1,47,101690000,18304200,5079000,553607,23936807,2025-08-05 03:00:00
457,20250805,2025-08-05,2,28,59490000,11898000,2244000,574288,14716288,2025-08-05 03:00:00
458,20250805,2025-08-05,3,29,63540000,9531000,2602000,468121,12601121,2025-08-05 03:00:00
459,20250805,2025-08-05,4,12,26610000,4523700,1000000,499547,6023247,2025-08-05 03:00:00
460,20250805,2025-08-05,5,26,57920000,0,2170000,1507756,3677756,2025-08-05 03:00:00
461,20250805,2025-08-05,6,12,22500000,0,1530000,1961026,3491026,2025-08-05 03:00:00
462,20250805,2025-08-05,7,20,41080000,4108000,2360000,377175,6845175,2025-08-05 03:00:00
463,20250806,2025-08-06,1,56,125000000,22500000,7177000,504224,30181224,2025-08-06 03:00:00
464,20250806,2025-08-06,2,32,70100000,14020000,1780000,425071,16225071,2025-08-06 03:00:00
465,20250806,2025-08-06,3,24,53720000,8058000,2851000,475648,11384648,2025-08-06 03:00:00
466,20250806,2025-08-06,4,11,25490000,4333300,941000,419737,5694037,2025-08-06 03:00:00
467,20250806,2025-08-06,5,26,50970000,0,2510000,1516109,4026109,2025-08-06 03:00:00
468,20250806,2025-08-06,6,8,17470000,0,840000,1888206,2728206,2025-08-06 03:00:00
469,20250806,2025-08-06,7,25,45760000,4576000,2680000,347958,7603958,2025-08-06 03:00:00
470,20250807,2025-08-07,1,56,129940000,23389200,6822000,394542,30605742,2025-08-07 03:00:00
471,20250807,2025-08-07,2,35,72720000,14544000,2501000,359062,17404062,2025-08-07 03:00:00
472,20250807,2025-08-07,3,24,54730000,8209500,3075000,446292,11730792,2025-08-07 03:00:00
473,20250807,2025-08-07,4,7,16100000,2737000,430000,557436,3724436,2025-08-07 03:00:00
474,20250807,2025-08-07,5,27,51780000,0,2880000,1613122,4493122,2025-08-07 03:00:00
475,20250807,2025-08-07,6,12,26730000,0,1130000,1886164,3016164,2025-08-07 03:00:00
476,20250807,2025-08-07,7,20,34580000,3458000,1890000,408790,5756790,2025-08-07 03:00:00
477,20250808,2025-08-08,1,56,135860000,24454800,6667000,561101,31682901,2025-08-08 03:00:00
478,20250808,2025-08-08,2,42,89510000,17902000,4647000,417687,22966687,2025-08-08 03:00:00
479,20250808,2025-08-08,3,27,69680000,10452000,4062000,404856,14918856,2025-08-08 03:00:00
480,20250808,2025-08-08,4,7,15170000,2578900,591000,584178,3754078,2025-08-08 03:00:00
481,20250808,2025-08-08,5,30,67350000,0,2960000,2052783,5012783,2025-08-08 03:00:00
482,20250808,2025-08-08,6,10,22000000,0,790000,1678572,2468572,2025-08-08 03:00:00
483,20250808,2025-08-08,7,24,44210000,4421000,2840000,287988,7548988,2025-08-08 03:00:00
484,20250809,2025-08-09,1,53,137390000,24730200,5961000,573461,31264661,2025-08-09 03:00:00
485,20250809,2025-08-09,2,39,115020000,23004000,5295000,418201,28717201,2025-08-09 03:00:00
486,20250809,2025-08-09,3,30,83560000,12534000,3611000,354642,16499642,2025-08-09 03:00:00
487,20250809,2025-08-09,4,7,16930000,2878100,1297000,516737,4691837,2025-08-09 03:00:00
488,20250809,2025-08-09,5,39,91860000,0,4310000,2082140,6392140,2025-08-09 03:00:00
489,20250809,2025-08-09,6,10,22790000,0,1000000,1634699,2634699,2025-08-09 03:00:00
490,20250809,2025-08-09,7,29,59440000,5944000,3740000,257645,9941645,2025-08-09 03:00:00
491,20250810,2025-08-10,1,56,143230000,25781400,6732000,494212,33007612,2025-08-10 03:00:00
492,20250810,2025-08-10,2,40,104720000,20944000,4833000,409250,26186250,2025-08-10 03:00:00
493,20250810,2025-08-10,3,36,103870000,15580500,4165000,558614,20304114,2025-08-10 03:00:00
494,20250810,2025-08-10,4,9,21780000,3702600,1430000,578480,5711080,2025-08-10 03:00:00
495,20250810,2025-08-10,5,33,80080000,0,3800000,1637224,5437224,2025-08-10 03:00:00
496,20250810,2025-08-10,6,12,25930000,0,930000,1630339,2560339,2025-08-10 03:00:00
497,20250810,2025-08-10,7,21,46990000,4699000,2920000,330329,7949329,2025-08-10 03:00:00
498,20250811,2025-08-11,1,44,98810000,17785800,4027000,530461,22343261,2025-08-11 03:00:00
499,20250811,2025-08-11,2,39,85590000,17118000,2912000,498970,20528970,2025-08-11 03:00:00
500,20250811,2025-08-11,3,32,76180000,11427000,2760000,416235,14603235,2025-08-11 03:00:00
501,20250811,2025-08-11,4,9,20930000,3558100,1063000,450297,5071397,2025-08-11 03:00:00
502,20250811,2025-08-11,5,32,59480000,0,3240000,1807707,5047707,2025-08-11 03:00:00
503,20250811,2025-08-11,6,3,5650000,0,270000,1915247,2185247,2025-08-11 03:00:00
504,20250811,2025-08-11,7,15,29070000,2907000,1150000,326242,4383242,2025-08-11 03:00:00
505,20250812,2025-08-12,1,57,126470000,22764600,6984000,532317,30280917,2025-08-12 03:00:00
506,20250812,2025-08-12,2,33,68130000,13626000,2801000,572709,16999709,2025-08-12 03:00:00
507,20250812,2025-08-12,3,21,51770000,7765500,2854000,359382,10978882,2025-08-12 03:00:00
508,20250812,2025-08-12,4,9,19940000,3389800,1224000,406075,5019875,2025-08-12 03:00:00
509,20250812,2025-08-12,5,28,55410000,0,2860000,1678145,4538145,2025-08-12 03:00:00
510,20250812,2025-08-12,6,8,19870000,0,1150000,1789207,2939207,2025-08-12 03:00:00
511,20250812,2025-08-12,7,18,28880000,2888000,730000,261050,3879050,2025-08-12 03:00:00
512,20250813,2025-08-13,1,53,123070000,22152600,7050000,485009,29687609,2025-08-13 03:00:00
513,20250813,2025-08-13,2,38,85890000,17178000,3473000,424644,21075644,2025-08-13 03:00:00
514,20250813,2025-08-13,3,27,54600000,8190000,2286000,476013,10952013,2025-08-13 03:00:00
515,20250813,2025-08-13,4,8,16370000,2782900,707000,524300,4014200,2025-08-13 03:00:00
516,20250813,2025-08-13,5,25,50670000,0,1910000,1610961,3520961,2025-08-13 03:00:00
517,20250813,2025-08-13,6,9,22170000,0,1590000,1604601,3194601,2025-08-13 03:00:00
518,20250813,2025-08-13,7,22,36470000,3647000,1050000,289902,4986902,2025-08-13 03:00:00
519,20250814,2025-08-14,1,55,126320000,22737600,7342000,401232,30480832,2025-08-14 03:00:00
520,20250814,2025-08-14,2,37,86680000,17336000,2798000,392950,20526950,2025-08-14 03:00:00
521,20250814,2025-08-14,3,26,50340000,7551000,1821000,595738,9967738,2025-08-14 03:00:00
522,20250814,2025-08-14,4,11,23970000,4074900,711000,511388,5297288,2025-08-14 03:00:00
523,20250814,2025-08-14,5,21,42050000,0,1400000,1799654,3199654,2025-08-14 03:00:00
524,20250814,2025-08-14,6,10,20430000,0,1440000,1758271,3198271,2025-08-14 03:00:00
525,20250814,2025-08-14,7,22,40500000,4050000,1640000,281865,5971865,2025-08-14 03:00:00
526,20250815,2025-08-15,1,52,126470000,22764600,6647000,415522,29827122,2025-08-15 03:00:00
527,20250815,2025-08-15,2,44,94130000,18826000,4189000,443760,23458760,2025-08-15 03:00:00
528,20250815,2025-08-15,3,30,67630000,10144500,2497000,495587,13137087,2025-08-15 03:00:00
529,20250815,2025-08-15,4,12,27400000,4658000,1431000,576112,6665112,2025-08-15 03:00:00
530,20250815,2025-08-15,5,19,41380000,0,1110000,2842709,3952709,2025-08-15 03:00:00
531,20250815,2025-08-15,6,7,13870000,0,700000,2899621,3599621,2025-08-15 03:00:00
532,20250815,2025-08-15,7,25,52750000,5275000,2220000,281041,7776041,2025-08-15 03:00:00
533,20250816,2025-08-16,1,51,127470000,22944600,6931000,466865,30342465,2025-08-16 03:00:00
534,20250816,2025-08-16,2,54,126700000,25340000,5716000,567904,31623904,2025-08-16 03:00:00
535,20250816,2025-08-16,3,26,80270000,12040500,4054000,539861,16634361,2025-08-16 03:00:00
536,20250816,2025-08-16,4,15,34900000,5933000,1990000,452068,8375068,2025-08-16 03:00:00
537,20250816,2025-08-16,5,21,44480000,0,2120000,2772570,4892570,2025-08-16 03:00:00
538,20250816,2025-08-16,6,7,15050000,0,1240000,2498457,3738457,2025-08-16 03:00:00
539,20250816,2025-08-16,7,24,56070000,5607000,3320000,349178,9276178,2025-08-16 03:00:00
540,20250817,2025-08-17,1,52,122380000,22028400,7206000,485039,29719439,2025-08-17 03:00:00
541,20250817,2025-08-17,2,50,116580000,23316000,5962000,461568,29739568,2025-08-17 03:00:00
542,20250817,2025-08-17,3,22,67720000,10158000,3665000,535483,14358483,2025-08-17 03:00:00
543,20250817,2025-08-17,4,12,33400000,5678000,1169000,524343,7371343,2025-08-17 03:00:00
544,20250817,2025-08-17,5,27,57390000,0,2170000,2874723,5044723,2025-08-17 03:00:00
545,20250817,2025-08-17,6,10,21980000,0,1390000,2993967,4383967,2025-08-17 03:00:00
546,20250817,2025-08-17,7,23,55020000,5502000,3580000,383320,9465320,2025-08-17 03:00:00
547,20250818,2025-08-18,1,46,94130000,16943400,5423000,429883,22796283,2025-08-18 03:00:00
548,20250818,2025-08-18,2,47,98760000,19752000,5368000,597911,25717911,2025-08-18 03:00:00
549,20250818,2025-08-18,3,27,62420000,9363000,3786000,520957,13669957,2025-08-18 03:00:00
550,20250818,2025-08-18,4,8,18050000,3068500,756000,566303,4390803,2025-08-18 03:00:00
551,20250818,2025-08-18,5,15,29060000,0,1630000,2805532,4435532,2025-08-18 03:00:00
552,20250818,2025-08-18,6,6,11840000,0,940000,2945479,3885479,2025-08-18 03:00:00
553,20250818,2025-08-18,7,23,47580000,4758000,2960000,293888,8011888,2025-08-18 03:00:00
554,20250819,2025-08-19,1,33,72930000,13127400,4135000,351197,17613597,2025-08-19 03:00:00
555,20250819,2025-08-19,2,61,143620000,28724000,8526000,500785,37750785,2025-08-19 03:00:00
556,20250819,2025-08-19,3,23,44240000,6636000,2466000,383515,9485515,2025-08-19 03:00:00
557,20250819,2025-08-19,4,4,9520000,1618400,504000,472703,2595103,2025-08-19 03:00:00
558,20250819,2025-08-19,5,14,23930000,0,1050000,2855224,3905224,2025-08-19 03:00:00
559,20250819,2025-08-19,6,9,16660000,0,1030000,2914454,3944454,2025-08-19 03:00:00
560,20250819,2025-08-19,7,25,46430000,4643000,2910000,389235,7942235,2025-08-19 03:00:00
561,20250820,2025-08-20,1,42,85110000,15319800,4930000,533817,20783617,2025-08-20 03:00:00
562,20250820,2025-08-20,2,51,126930000,25386000,7363000,430412,33179412,2025-08-20 03:00:00
563,20250820,2025-08-20,3,29,55320000,8298000,3241000,580989,12119989,2025-08-20 03:00:00
564,20250820,2025-08-20,4,5,9190000,1562300,558000,393940,2514240,2025-08-20 03:00:00
565,20250820,2025-08-20,5,20,39680000,0,1360000,2674277,4034277,2025-08-20 03:00:00
566,20250820,2025-08-20,6,8,16880000,0,930000,2842872,3772872,2025-08-20 03:00:00
567,20250820,2025-08-20,7,23,44160000,4416000,2350000,293843,7059843,2025-08-20 03:00:00
568,20250821,2025-08-21,1,38,76300000,13734000,3982000,351605,18067605,2025-08-21 03:00:00
569,20250821,2025-08-21,2,49,116260000,23252000,6113000,433933,29798933,2025-08-21 03:00:00
570,20250821,2025-08-21,3,25,49610000,7441500,3106000,551223,11098723,2025-08-21 03:00:00
571,20250821,2025-08-21,4,9,19450000,3306500,960000,403443,4669943,2025-08-21 03:00:00
572,20250821,2025-08-21,5,25,57880000,0,2160000,2422660,4582660,2025-08-21 03:00:00
573,20250821,2025-08-21,6,8,14940000,0,520000,2550271,3070271,2025-08-21 03:00:00
574,20250821,2025-08-21,7,24,44240000,4424000,2570000,329513,7323513,2025-08-21 03:00:00
575,20250822,2025-08-22,1,42,91830000,16529400,5019000,502842,22051242,2025-08-22 03:00:00
576,20250822,2025-08-22,2,39,86910000,17382000,4193000,480875,22055875,2025-08-22 03:00:00
577,20250822,2025-08-22,3,25,58330000,8749500,3674000,529708,12953208,2025-08-22 03:00:00
578,20250822,2025-08-22,4,9,27450000,4666500,1573000,481010,6720510,2025-08-22 03:00:00
579,20250822,2025-08-22,5,28,60580000,0,2640000,2426637,5066637,2025-08-22 03:00:00
580,20250822,2025-08-22,6,10,20580000,0,620000,2716014,3336014,2025-08-22 03:00:00
581,20250822,2025-08-22,7,31,57900000,5790000,2920000,449105,9159105,2025-08-22 03:00:00
582,20250823,2025-08-23,1,47,110430000,19877400,6755000,591008,27223408,2025-08-23 03:00:00
583,20250823,2025-08-23,2,38,90150000,18030000,5459000,591868,24080868,2025-08-23 03:00:00
584,20250823,2025-08-23,3,24,59660000,8949000,3689000,574113,13212113,2025-08-23 03:00:00
585,20250823,2025-08-23,4,10,35020000,5953400,2302000,453742,8709142,2025-08-23 03:00:00
586,20250823,2025-08-23,5,33,73220000,0,3310000,2404727,5714727,2025-08-23 03:00:00
587,20250823,2025-08-23,6,8,18890000,0,930000,2842399,3772399,2025-08-23 03:00:00
588,20250823,2025-08-23,7,32,63130000,6313000,3270000,258638,9841638,2025-08-23 03:00:00
589,20250824,2025-08-24,1,41,96380000,17348400,6085000,389582,23822982,2025-08-24 03:00:00
590,20250824,2025-08-24,2,42,109690000,21938000,7605000,420054,29963054,2025-08-24 03:00:00
591,20250824,2025-08-24,3,25,61000000,9150000,3880000,568868,13598868,2025-08-24 03:00:00
592,20250824,2025-08-24,4,12,36820000,6259400,2449000,592910,9301310,2025-08-24 03:00:00
593,20250824,2025-08-24,5,35,72360000,0,3880000,2686665,6566665,2025-08-24 03:00:00
594,20250824,2025-08-24,6,11,25200000,0,770000,2566562,3336562,2025-08-24 03:00:00
595,20250824,2025-08-24,7,24,45820000,4582000,2430000,377077,7389077,2025-08-24 03:00:00
596,20250825,2025-08-25,1,39,86190000,15514200,5756000,505580,21775780,2025-08-25 03:00:00
597,20250825,2025-08-25,2,42,92070000,18414000,6928000,567116,25909116,2025-08-25 03:00:00
598,20250825,2025-08-25,3,18,36230000,5434500,1855000,351608,7641108,2025-08-25 03:00:00
599,20250825,2025-08-25,4,13,35480000,6031600,2483000,357035,8871635,2025-08-25 03:00:00
600,20250825,2025-08-25,5,30,56270000,0,3240000,2810963,6050963,2025-08-25 03:00:00
601,20250825,2025-08-25,6,8,16510000,0,640000,2999376,3639376,2025-08-25 03:00:00
602,20250825,2025-08-25,7,17,30140000,3014000,1660000,258035,4932035,2025-08-25 03:00:00
603,20250826,2025-08-26,1,46,109460000,19702800,6515000,510258,26728058,2025-08-26 03:00:00
604,20250826,2025-08-26,2,44,86600000,17320000,6042000,559810,23921810,2025-08-26 03:00:00
605,20250826,2025-08-26,3,22,45200000,6780000,2991000,358609,10129609,2025-08-26 03:00:00
606,20250826,2025-08-26,4,8,13390000,2276300,1077000,573261,3926561,2025-08-26 03:00:00
607,20250826,2025-08-26,5,27,62540000,0,3140000,2690502,5830502,2025-08-26 03:00:00
608,20250826,2025-08-26,6,4,7710000,0,310000,2924568,3234568,2025-08-26 03:00:00
609,20250826,2025-08-26,7,14,24750000,2475000,1800000,272438,4547438,2025-08-26 03:00:00
610,20250827,2025-08-27,1,50,112250000,20205000,7028000,597388,27830388,2025-08-27 03:00:00
611,20250827,2025-08-27,2,51,110710000,22142000,7677000,562560,30381560,2025-08-27 03:00:00
612,20250827,2025-08-27,3,19,37250000,5587500,2380000,593501,8561001,2025-08-27 03:00:00
613,20250827,2025-08-27,4,9,15370000,2612900,1382000,368148,4363048,2025-08-27 03:00:00
614,20250827,2025-08-27,5,23,47630000,0,3310000,2749750,6059750,2025-08-27 03:00:00
615,20250827,2025-08-27,6,9,19040000,0,570000,2720207,3290207,2025-08-27 03:00:00
616,20250827,2025-08-27,7,13,24760000,2476000,1570000,285913,4331913,2025-08-27 03:00:00
617,20250828,2025-08-28,1,47,105270000,18948600,6418000,381388,25747988,2025-08-28 03:00:00
618,20250828,2025-08-28,2,38,87220000,17444000,6289000,393328,24126328,2025-08-28 03:00:00
619,20250828,2025-08-28,3,27,55670000,8350500,3567000,523858,12441358,2025-08-28 03:00:00
620,20250828,2025-08-28,4,16,30940000,5259800,1793000,538297,7591097,2025-08-28 03:00:00
621,20250828,2025-08-28,5,25,48700000,0,3400000,2823252,6223252,2025-08-28 03:00:00
622,20250828,2025-08-28,6,5,8590000,0,270000,2507984,2777984,2025-08-28 03:00:00
623,20250828,2025-08-28,7,14,26970000,2697000,1870000,403150,4970150,2025-08-28 03:00:00
624,20250829,2025-08-29,1,48,112400000,20232000,6873000,429765,27534765,2025-08-29 03:00:00
625,20250829,2025-08-29,2,36,87990000,17598000,6523000,506993,24627993,2025-08-29 03:00:00
626,20250829,2025-08-29,3,32,63320000,9498000,3609000,364599,13471599,2025-08-29 03:00:00
627,20250829,2025-08-29,4,12,23690000,4027300,1113000,565417,5705717,2025-08-29 03:00:00
628,20250829,2025-08-29,5,27,55130000,0,3040000,2707299,5747299,2025-08-29 03:00:00
629,20250829,2025-08-29,6,10,16610000,0,500000,2573221,3073221,2025-08-29 03:00:00
630,20250829,2025-08-29,7,16,34540000,3454000,2240000,355944,6049944,2025-08-29 03:00:00
631,20250830,2025-08-30,1,54,132950000,23931000,8323000,410461,32664461,2025-08-30 03:00:00
632,20250830,2025-08-30,2,35,92230000,18446000,7341000,367046,26154046,2025-08-30 03:00:00
633,20250830,2025-08-30,3,33,69530000,10429500,4119000,488264,15036764,2025-08-30 03:00:00
634,20250830,2025-08-30,4,9,19690000,3347300,1085000,450204,4882504,2025-08-30 03:00:00
635,20250830,2025-08-30,5,30,64660000,0,3300000,2600234,5900234,2025-08-30 03:00:00
636,20250830,2025-08-30,6,10,17360000,0,390000,2987921,3377921,2025-08-30 03:00:00
637,20250830,2025-08-30,7,16,42230000,4223000,2880000,250114,7353114,2025-08-30 03:00:00
638,20250831,2025-08-31,1,56,138000000,24840000,7213000,568816,32621816,2025-08-31 03:00:00
639,20250831,2025-08-31,2,41,102210000,20442000,6510000,444352,27396352,2025-08-31 03:00:00
640,20250831,2025-08-31,3,25,51620000,7743000,3635000,403866,11781866,2025-08-31 03:00:00
641,20250831,2025-08-31,4,9,18260000,3104200,1169000,537027,4810227,2025-08-31 03:00:00
642,20250831,2025-08-31,5,28,57150000,0,2920000,2613137,5533137,2025-08-31 03:00:00
643,20250831,2025-08-31,6,10,18300000,0,590000,2403360,2993360,2025-08-31 03:00:00
644,20250831,2025-08-31,7,17,49100000,4910000,2900000,428413,8238413,2025-08-31 03:00:00
