room_cost_id,date_key,stay_date,cost_category_id,cost_amount,rooms_sold,total_rooms_available,cost_par,created_at
1,20250601,2025-06-01,1,45864142,190,214,214318.42,2025-06-01 03:30:00
2,20250601,2025-06-01,2,29800000,190,214,139252.34,2025-06-01 03:30:00
3,20250601,2025-06-01,3,52928456,190,214,247329.23,2025-06-01 03:30:00
4,20250601,2025-06-01,4,8880000,190,214,41495.33,2025-06-01 03:30:00
5,20250601,2025-06-01,5,18790000,190,214,87803.74,2025-06-01 03:30:00
6,20250601,2025-06-01,6,21560000,190,214,100747.66,2025-06-01 03:30:00
7,20250601,2025-06-01,7,40655000,190,214,189976.64,2025-06-01 03:30:00
8,20250601,2025-06-01,8,21553840,190,214,100718.88,2025-06-01 03:30:00
9,20250601,2025-06-01,9,3611350,190,214,16875.47,2025-06-01 03:30:00
10,20250602,2025-06-02,1,42444154,167,214,198337.17,2025-06-02 03:30:00
11,20250602,2025-06-02,2,28500000,167,214,133177.57,2025-06-02 03:30:00
12,20250602,2025-06-02,3,42050272,167,214,196496.6,2025-06-02 03:30:00
13,20250602,2025-06-02,4,8144000,167,214,38056.07,2025-06-02 03:30:00
14,20250602,2025-06-02,5,18307000,167,214,85546.73,2025-06-02 03:30:00
15,20250602,2025-06-02,6,19858000,167,214,92794.39,2025-06-02 03:30:00
16,20250602,2025-06-02,7,36515000,167,214,170630.84,2025-06-02 03:30:00
17,20250602,2025-06-02,8,19800640,167,214,92526.36,2025-06-02 03:30:00
18,20250602,2025-06-02,9,3743676,167,214,17493.81,2025-06-02 03:30:00
19,20250603,2025-06-03,1,42279028,166,214,197565.55,2025-06-03 03:30:00
20,20250603,2025-06-03,2,28500000,166,214,133177.57,2025-06-03 03:30:00
21,20250603,2025-06-03,3,41900704,166,214,195797.68,2025-06-03 03:30:00
22,20250603,2025-06-03,4,8112000,166,214,37906.54,2025-06-03 03:30:00
23,20250603,2025-06-03,5,18286000,166,214,85448.6,2025-06-03 03:30:00
24,20250603,2025-06-03,6,19784000,166,214,92448.6,2025-06-03 03:30:00
25,20250603,2025-06-03,7,36675000,166,214,171378.5,2025-06-03 03:30:00
26,20250603,2025-06-03,8,19765360,166,214,92361.5,2025-06-03 03:30:00
27,20250603,2025-06-03,9,3094753,166,214,14461.46,2025-06-03 03:30:00
28,20250604,2025-06-04,1,43462210,174,214,203094.44,2025-06-04 03:30:00
29,20250604,2025-06-04,2,28500000,174,214,133177.57,2025-06-04 03:30:00
30,20250604,2025-06-04,3,42913480,174,214,200530.28,2025-06-04 03:30:00
31,20250604,2025-06-04,4,8368000,174,214,39102.8,2025-06-04 03:30:00
32,20250604,2025-06-04,5,18454000,174,214,86233.64,2025-06-04 03:30:00
33,20250604,2025-06-04,6,20376000,174,214,95214.95,2025-06-04 03:30:00
34,20250604,2025-06-04,7,37325000,174,214,174415.89,2025-06-04 03:30:00
35,20250604,2025-06-04,8,20219680,174,214,94484.49,2025-06-04 03:30:00
36,20250604,2025-06-04,9,3428164,174,214,16019.46,2025-06-04 03:30:00
37,20250605,2025-06-05,1,43608070,175,214,203776.03,2025-06-05 03:30:00
38,20250605,2025-06-05,2,28500000,175,214,133177.57,2025-06-05 03:30:00
39,20250605,2025-06-05,3,43037360,175,214,201109.16,2025-06-05 03:30:00
40,20250605,2025-06-05,4,8400000,175,214,39252.34,2025-06-05 03:30:00
41,20250605,2025-06-05,5,18475000,175,214,86331.78,2025-06-05 03:30:00
42,20250605,2025-06-05,6,20450000,175,214,95560.75,2025-06-05 03:30:00
43,20250605,2025-06-05,7,36255000,175,214,169415.89,2025-06-05 03:30:00
44,20250605,2025-06-05,8,20218960,175,214,94481.12,2025-06-05 03:30:00
45,20250605,2025-06-05,9,3493720,175,214,16325.79,2025-06-05 03:30:00
46,20250606,2025-06-06,1,44791252,183,214,209304.92,2025-06-06 03:30:00
47,20250606,2025-06-06,2,28500000,183,214,133177.57,2025-06-06 03:30:00
48,20250606,2025-06-06,3,44050136,183,214,205841.76,2025-06-06 03:30:00
49,20250606,2025-06-06,4,8656000,183,214,40448.6,2025-06-06 03:30:00
50,20250606,2025-06-06,5,18643000,183,214,87116.82,2025-06-06 03:30:00
51,20250606,2025-06-06,6,21042000,183,214,98327.1,2025-06-06 03:30:00
52,20250606,2025-06-06,7,38400000,183,214,179439.25,2025-06-06 03:30:00
53,20250606,2025-06-06,8,20935360,183,214,97828.79,2025-06-06 03:30:00
54,20250606,2025-06-06,9,3708057,183,214,17327.37,2025-06-06 03:30:00
55,20250607,2025-06-07,1,46158826,192,214,215695.45,2025-06-07 03:30:00
56,20250607,2025-06-07,2,29800000,192,214,139252.34,2025-06-07 03:30:00
57,20250607,2025-06-07,3,53263768,192,214,248896.11,2025-06-07 03:30:00
58,20250607,2025-06-07,4,8944000,192,214,41794.39,2025-06-07 03:30:00
59,20250607,2025-06-07,5,18832000,192,214,88000.0,2025-06-07 03:30:00
60,20250607,2025-06-07,6,21708000,192,214,101439.25,2025-06-07 03:30:00
61,20250607,2025-06-07,7,39360000,192,214,183925.23,2025-06-07 03:30:00
62,20250607,2025-06-07,8,21666880,192,214,101247.1,2025-06-07 03:30:00
63,20250607,2025-06-07,9,3691463,192,214,17249.83,2025-06-07 03:30:00
64,20250608,2025-06-08,1,46152898,192,214,215667.75,2025-06-08 03:30:00
65,20250608,2025-06-08,2,29800000,192,214,139252.34,2025-06-08 03:30:00
66,20250608,2025-06-08,3,53255864,192,214,248859.18,2025-06-08 03:30:00
67,20250608,2025-06-08,4,8944000,192,214,41794.39,2025-06-08 03:30:00
68,20250608,2025-06-08,5,23332000,192,214,109028.04,2025-06-08 03:30:00
69,20250608,2025-06-08,6,21708000,192,214,101439.25,2025-06-08 03:30:00
70,20250608,2025-06-08,7,39510000,192,214,184626.17,2025-06-08 03:30:00
71,20250608,2025-06-08,8,21666880,192,214,101247.1,2025-06-08 03:30:00
72,20250608,2025-06-08,9,3679720,192,214,17194.95,2025-06-08 03:30:00
73,20250609,2025-06-09,1,42590014,168,214,199018.76,2025-06-09 03:30:00
74,20250609,2025-06-09,2,28500000,168,214,133177.57,2025-06-09 03:30:00
75,20250609,2025-06-09,3,42174152,168,214,197075.48,2025-06-09 03:30:00
76,20250609,2025-06-09,4,8176000,168,214,38205.61,2025-06-09 03:30:00
77,20250609,2025-06-09,5,18328000,168,214,85644.86,2025-06-09 03:30:00
78,20250609,2025-06-09,6,19932000,168,214,93140.19,2025-06-09 03:30:00
79,20250609,2025-06-09,7,35825000,168,214,167406.54,2025-06-09 03:30:00
80,20250609,2025-06-09,8,19757440,168,214,92324.49,2025-06-09 03:30:00
81,20250609,2025-06-09,9,4029914,168,214,18831.37,2025-06-09 03:30:00
82,20250610,2025-06-10,1,43021666,171,214,201035.82,2025-06-10 03:30:00
83,20250610,2025-06-10,2,28500000,171,214,133177.57,2025-06-10 03:30:00
84,20250610,2025-06-10,3,42537888,171,214,198775.18,2025-06-10 03:30:00
85,20250610,2025-06-10,4,8272000,171,214,38654.21,2025-06-10 03:30:00
86,20250610,2025-06-10,5,18391000,171,214,85939.25,2025-06-10 03:30:00
87,20250610,2025-06-10,6,20154000,171,214,94177.57,2025-06-10 03:30:00
88,20250610,2025-06-10,7,35250000,171,214,164719.63,2025-06-10 03:30:00
89,20250610,2025-06-10,8,19887760,171,214,92933.46,2025-06-10 03:30:00
90,20250610,2025-06-10,9,3195686,171,214,14933.11,2025-06-10 03:30:00
91,20250611,2025-06-11,1,43776160,176,214,204561.5,2025-06-11 03:30:00
92,20250611,2025-06-11,2,28500000,176,214,133177.57,2025-06-11 03:30:00
93,20250611,2025-06-11,3,43190880,176,214,201826.54,2025-06-11 03:30:00
94,20250611,2025-06-11,4,8432000,176,214,39401.87,2025-06-11 03:30:00
95,20250611,2025-06-11,5,18496000,176,214,86429.91,2025-06-11 03:30:00
96,20250611,2025-06-11,6,20524000,176,214,95906.54,2025-06-11 03:30:00
97,20250611,2025-06-11,7,36900000,176,214,172429.91,2025-06-11 03:30:00
98,20250611,2025-06-11,8,20393200,176,214,95295.33,2025-06-11 03:30:00
99,20250611,2025-06-11,9,3579129,176,214,16724.9,2025-06-11 03:30:00
100,20250612,2025-06-12,1,44042686,178,214,205806.94,2025-06-12 03:30:00
101,20250612,2025-06-12,2,28500000,178,214,133177.57,2025-06-12 03:30:00
102,20250612,2025-06-12,3,43405048,178,214,202827.33,2025-06-12 03:30:00
103,20250612,2025-06-12,4,8496000,178,214,39700.93,2025-06-12 03:30:00
104,20250612,2025-06-12,5,18538000,178,214,86626.17,2025-06-12 03:30:00
105,20250612,2025-06-12,6,20672000,178,214,96598.13,2025-06-12 03:30:00
106,20250612,2025-06-12,7,38085000,178,214,177967.29,2025-06-12 03:30:00
107,20250612,2025-06-12,8,20611360,178,214,96314.77,2025-06-12 03:30:00
108,20250612,2025-06-12,9,3709499,178,214,17334.11,2025-06-12 03:30:00
109,20250613,2025-06-13,1,46441654,194,214,217017.07,2025-06-13 03:30:00
110,20250613,2025-06-13,2,28500000,194,214,133177.57,2025-06-13 03:30:00
111,20250613,2025-06-13,3,45474072,194,214,212495.66,2025-06-13 03:30:00
112,20250613,2025-06-13,4,9008000,194,214,42093.46,2025-06-13 03:30:00
113,20250613,2025-06-13,5,18874000,194,214,88196.26,2025-06-13 03:30:00
114,20250613,2025-06-13,6,21856000,194,214,102130.84,2025-06-13 03:30:00
115,20250613,2025-06-13,7,40425000,194,214,188901.87,2025-06-13 03:30:00
116,20250613,2025-06-13,8,21882880,194,214,102256.45,2025-06-13 03:30:00
117,20250613,2025-06-13,9,3694021,194,214,17261.78,2025-06-13 03:30:00
118,20250614,2025-06-14,1,47873578,203,214,223708.31,2025-06-14 03:30:00
119,20250614,2025-06-14,2,29800000,203,214,139252.34,2025-06-14 03:30:00
120,20250614,2025-06-14,3,55196904,203,214,257929.46,2025-06-14 03:30:00
121,20250614,2025-06-14,4,9296000,203,214,43439.25,2025-06-14 03:30:00
122,20250614,2025-06-14,5,19063000,203,214,89079.44,2025-06-14 03:30:00
123,20250614,2025-06-14,6,22522000,203,214,105242.99,2025-06-14 03:30:00
124,20250614,2025-06-14,7,43305000,203,214,202359.81,2025-06-14 03:30:00
125,20250614,2025-06-14,8,22674880,203,214,105957.38,2025-06-14 03:30:00
126,20250614,2025-06-14,9,3710510,203,214,17338.83,2025-06-14 03:30:00
127,20250615,2025-06-15,1,48016474,204,214,224376.05,2025-06-15 03:30:00
128,20250615,2025-06-15,2,29800000,204,214,139252.34,2025-06-15 03:30:00
129,20250615,2025-06-15,3,55358632,204,214,258685.2,2025-06-15 03:30:00
130,20250615,2025-06-15,4,9328000,204,214,43588.79,2025-06-15 03:30:00
131,20250615,2025-06-15,5,23584000,204,214,110205.61,2025-06-15 03:30:00
132,20250615,2025-06-15,6,22596000,204,214,105588.79,2025-06-15 03:30:00
133,20250615,2025-06-15,7,43845000,204,214,204883.18,2025-06-15 03:30:00
134,20250615,2025-06-15,8,22732480,204,214,106226.54,2025-06-15 03:30:00
135,20250615,2025-06-15,9,3514125,204,214,16421.14,2025-06-15 03:30:00
136,20250616,2025-06-16,1,43024630,171,214,201049.67,2025-06-16 03:30:00
137,20250616,2025-06-16,2,28500000,171,214,133177.57,2025-06-16 03:30:00
138,20250616,2025-06-16,3,42541840,171,214,198793.64,2025-06-16 03:30:00
139,20250616,2025-06-16,4,8272000,171,214,38654.21,2025-06-16 03:30:00
140,20250616,2025-06-16,5,18391000,171,214,85939.25,2025-06-16 03:30:00
141,20250616,2025-06-16,6,20154000,171,214,94177.57,2025-06-16 03:30:00
142,20250616,2025-06-16,7,36485000,171,214,170490.65,2025-06-16 03:30:00
143,20250616,2025-06-16,8,19990720,171,214,93414.58,2025-06-16 03:30:00
144,20250616,2025-06-16,9,3781597,171,214,17671.01,2025-06-16 03:30:00
145,20250617,2025-06-17,1,43173454,172,214,201745.11,2025-06-17 03:30:00
146,20250617,2025-06-17,2,28500000,172,214,133177.57,2025-06-17 03:30:00
147,20250617,2025-06-17,3,42669672,172,214,199390.99,2025-06-17 03:30:00
148,20250617,2025-06-17,4,8304000,172,214,38803.74,2025-06-17 03:30:00
149,20250617,2025-06-17,5,18412000,172,214,86037.38,2025-06-17 03:30:00
150,20250617,2025-06-17,6,20228000,172,214,94523.36,2025-06-17 03:30:00
151,20250617,2025-06-17,7,36065000,172,214,168528.04,2025-06-17 03:30:00
152,20250617,2025-06-17,8,20086480,172,214,93862.06,2025-06-17 03:30:00
153,20250617,2025-06-17,9,3510347,172,214,16403.49,2025-06-17 03:30:00
154,20250618,2025-06-18,1,44356636,180,214,207274.0,2025-06-18 03:30:00
155,20250618,2025-06-18,2,28500000,180,214,133177.57,2025-06-18 03:30:00
156,20250618,2025-06-18,3,43682448,180,214,204123.59,2025-06-18 03:30:00
157,20250618,2025-06-18,4,8560000,180,214,40000.0,2025-06-18 03:30:00
158,20250618,2025-06-18,5,18580000,180,214,86822.43,2025-06-18 03:30:00
159,20250618,2025-06-18,6,20820000,180,214,97289.72,2025-06-18 03:30:00
160,20250618,2025-06-18,7,38020000,180,214,177663.55,2025-06-18 03:30:00
161,20250618,2025-06-18,8,20764720,180,214,97031.4,2025-06-18 03:30:00
162,20250618,2025-06-18,9,3671431,180,214,17156.22,2025-06-18 03:30:00
163,20250619,2025-06-19,1,44359600,180,214,207287.85,2025-06-19 03:30:00
164,20250619,2025-06-19,2,28500000,180,214,133177.57,2025-06-19 03:30:00
165,20250619,2025-06-19,3,43686400,180,214,204142.06,2025-06-19 03:30:00
166,20250619,2025-06-19,4,8560000,180,214,40000.0,2025-06-19 03:30:00
167,20250619,2025-06-19,5,18580000,180,214,86822.43,2025-06-19 03:30:00
168,20250619,2025-06-19,6,20820000,180,214,97289.72,2025-06-19 03:30:00
169,20250619,2025-06-19,7,38165000,180,214,178341.12,2025-06-19 03:30:00
170,20250619,2025-06-19,8,20782720,180,214,97115.51,2025-06-19 03:30:00
171,20250619,2025-06-19,9,3551330,180,214,16595.0,2025-06-19 03:30:00
172,20250620,2025-06-20,1,45861178,190,214,214304.57,2025-06-20 03:30:00
173,20250620,2025-06-20,2,28500000,190,214,133177.57,2025-06-20 03:30:00
174,20250620,2025-06-20,3,44982504,190,214,210198.62,2025-06-20 03:30:00
175,20250620,2025-06-20,4,8880000,190,214,41495.33,2025-06-20 03:30:00
176,20250620,2025-06-20,5,18790000,190,214,87803.74,2025-06-20 03:30:00
177,20250620,2025-06-20,6,21560000,190,214,100747.66,2025-06-20 03:30:00
178,20250620,2025-06-20,7,40765000,190,214,190490.65,2025-06-20 03:30:00
179,20250620,2025-06-20,8,21775600,190,214,101755.14,2025-06-20 03:30:00
180,20250620,2025-06-20,9,3810669,190,214,17806.86,2025-06-20 03:30:00
181,20250621,2025-06-21,1,46976188,197,214,219514.9,2025-06-21 03:30:00
182,20250621,2025-06-21,2,29800000,197,214,139252.34,2025-06-21 03:30:00
183,20250621,2025-06-21,3,54173184,197,214,253145.72,2025-06-21 03:30:00
184,20250621,2025-06-21,4,9104000,197,214,42542.06,2025-06-21 03:30:00
185,20250621,2025-06-21,5,18937000,197,214,88490.65,2025-06-21 03:30:00
186,20250621,2025-06-21,6,22078000,197,214,103168.22,2025-06-21 03:30:00
187,20250621,2025-06-21,7,42575000,197,214,198948.6,2025-06-21 03:30:00
188,20250621,2025-06-21,8,22293280,197,214,104174.21,2025-06-21 03:30:00
189,20250621,2025-06-21,9,3262771,197,214,15246.59,2025-06-21 03:30:00
190,20250622,2025-06-22,1,47122048,198,214,220196.49,2025-06-22 03:30:00
191,20250622,2025-06-22,2,29800000,198,214,139252.34,2025-06-22 03:30:00
192,20250622,2025-06-22,3,54338864,198,214,253919.93,2025-06-22 03:30:00
193,20250622,2025-06-22,4,9136000,198,214,42691.59,2025-06-22 03:30:00
194,20250622,2025-06-22,5,18958000,198,214,88588.79,2025-06-22 03:30:00
195,20250622,2025-06-22,6,22152000,198,214,103514.02,2025-06-22 03:30:00
196,20250622,2025-06-22,7,41505000,198,214,193948.6,2025-06-22 03:30:00
197,20250622,2025-06-22,8,22371040,198,214,104537.57,2025-06-22 03:30:00
198,20250622,2025-06-22,9,3343423,198,214,15623.47,2025-06-22 03:30:00
199,20250623,2025-06-23,1,43462210,174,214,203094.44,2025-06-23 03:30:00
200,20250623,2025-06-23,2,28500000,174,214,133177.57,2025-06-23 03:30:00
201,20250623,2025-06-23,3,42913480,174,214,200530.28,2025-06-23 03:30:00
202,20250623,2025-06-23,4,8368000,174,214,39102.8,2025-06-23 03:30:00
203,20250623,2025-06-23,5,18454000,174,214,86233.64,2025-06-23 03:30:00
204,20250623,2025-06-23,6,20376000,174,214,95214.95,2025-06-23 03:30:00
205,20250623,2025-06-23,7,35600000,174,214,166355.14,2025-06-23 03:30:00
206,20250623,2025-06-23,8,20320480,174,214,94955.51,2025-06-23 03:30:00
207,20250623,2025-06-23,9,3359219,174,214,15697.29,2025-06-23 03:30:00
208,20250624,2025-06-24,1,43316350,173,214,202412.85,2025-06-24 03:30:00
209,20250624,2025-06-24,2,28500000,173,214,133177.57,2025-06-24 03:30:00
210,20250624,2025-06-24,3,42789600,173,214,199951.4,2025-06-24 03:30:00
211,20250624,2025-06-24,4,8336000,173,214,38953.27,2025-06-24 03:30:00
212,20250624,2025-06-24,5,18433000,173,214,86135.51,2025-06-24 03:30:00
213,20250624,2025-06-24,6,20302000,173,214,94869.16,2025-06-24 03:30:00
214,20250624,2025-06-24,7,35410000,173,214,165467.29,2025-06-24 03:30:00
215,20250624,2025-06-24,8,20063440,173,214,93754.39,2025-06-24 03:30:00
216,20250624,2025-06-24,9,3745479,173,214,17502.24,2025-06-24 03:30:00
217,20250625,2025-06-25,1,44791252,183,214,209304.92,2025-06-25 03:30:00
218,20250625,2025-06-25,2,28500000,183,214,133177.57,2025-06-25 03:30:00
219,20250625,2025-06-25,3,44050136,183,214,205841.76,2025-06-25 03:30:00
220,20250625,2025-06-25,4,8656000,183,214,40448.6,2025-06-25 03:30:00
221,20250625,2025-06-25,5,18643000,183,214,87116.82,2025-06-25 03:30:00
222,20250625,2025-06-25,6,21042000,183,214,98327.1,2025-06-25 03:30:00
223,20250625,2025-06-25,7,37940000,183,214,177289.72,2025-06-25 03:30:00
224,20250625,2025-06-25,8,20895040,183,214,97640.37,2025-06-25 03:30:00
225,20250625,2025-06-25,9,3464188,183,214,16187.79,2025-06-25 03:30:00
226,20250626,2025-06-26,1,44645392,182,214,208623.33,2025-06-26 03:30:00
227,20250626,2025-06-26,2,28500000,182,214,133177.57,2025-06-26 03:30:00
228,20250626,2025-06-26,3,43926256,182,214,205262.88,2025-06-26 03:30:00
229,20250626,2025-06-26,4,8624000,182,214,40299.07,2025-06-26 03:30:00
230,20250626,2025-06-26,5,18622000,182,214,87018.69,2025-06-26 03:30:00
231,20250626,2025-06-26,6,20968000,182,214,97981.31,2025-06-26 03:30:00
232,20250626,2025-06-26,7,37250000,182,214,174065.42,2025-06-26 03:30:00
233,20250626,2025-06-26,8,20797120,182,214,97182.8,2025-06-26 03:30:00
234,20250626,2025-06-26,9,3647519,182,214,17044.48,2025-06-26 03:30:00
235,20250627,2025-06-27,1,45984808,191,214,214882.28,2025-06-27 03:30:00
236,20250627,2025-06-27,2,28500000,191,214,133177.57,2025-06-27 03:30:00
237,20250627,2025-06-27,3,45076744,191,214,210638.99,2025-06-27 03:30:00
238,20250627,2025-06-27,4,8912000,191,214,41644.86,2025-06-27 03:30:00
239,20250627,2025-06-27,5,18811000,191,214,87901.87,2025-06-27 03:30:00
240,20250627,2025-06-27,6,21634000,191,214,101093.46,2025-06-27 03:30:00
241,20250627,2025-06-27,7,38205000,191,214,178528.04,2025-06-27 03:30:00
242,20250627,2025-06-27,8,21671920,191,214,101270.65,2025-06-27 03:30:00
243,20250627,2025-06-27,9,3803557,191,214,17773.63,2025-06-27 03:30:00
244,20250628,2025-06-28,1,47556664,201,214,222227.4,2025-06-28 03:30:00
245,20250628,2025-06-28,2,29800000,201,214,139252.34,2025-06-28 03:30:00
246,20250628,2025-06-28,3,54831952,201,214,256224.07,2025-06-28 03:30:00
247,20250628,2025-06-28,4,9232000,201,214,43140.19,2025-06-28 03:30:00
248,20250628,2025-06-28,5,19021000,201,214,88883.18,2025-06-28 03:30:00
249,20250628,2025-06-28,6,22374000,201,214,104551.4,2025-06-28 03:30:00
250,20250628,2025-06-28,7,41765000,201,214,195163.55,2025-06-28 03:30:00
251,20250628,2025-06-28,8,22445200,201,214,104884.11,2025-06-28 03:30:00
252,20250628,2025-06-28,9,3591974,201,214,16784.93,2025-06-28 03:30:00
253,20250629,2025-06-29,1,47578894,201,214,222331.28,2025-06-29 03:30:00
254,20250629,2025-06-29,2,29800000,201,214,139252.34,2025-06-29 03:30:00
255,20250629,2025-06-29,3,54861592,201,214,256362.58,2025-06-29 03:30:00
256,20250629,2025-06-29,4,9232000,201,214,43140.19,2025-06-29 03:30:00
257,20250629,2025-06-29,5,19021000,201,214,88883.18,2025-06-29 03:30:00
258,20250629,2025-06-29,6,22374000,201,214,104551.4,2025-06-29 03:30:00
259,20250629,2025-06-29,7,42610000,201,214,199112.15,2025-06-29 03:30:00
260,20250629,2025-06-29,8,22461040,201,214,104958.13,2025-06-29 03:30:00
261,20250629,2025-06-29,9,3829311,201,214,17893.98,2025-06-29 03:30:00
262,20250630,2025-06-30,1,43750966,176,214,204443.77,2025-06-30 03:30:00
263,20250630,2025-06-30,2,28500000,176,214,133177.57,2025-06-30 03:30:00
264,20250630,2025-06-30,3,43157288,176,214,201669.57,2025-06-30 03:30:00
265,20250630,2025-06-30,4,8432000,176,214,39401.87,2025-06-30 03:30:00
266,20250630,2025-06-30,5,18496000,176,214,86429.91,2025-06-30 03:30:00
267,20250630,2025-06-30,6,20524000,176,214,95906.54,2025-06-30 03:30:00
268,20250630,2025-06-30,7,37290000,176,214,174252.34,2025-06-30 03:30:00
269,20250630,2025-06-30,8,20476000,176,214,95682.24,2025-06-30 03:30:00
270,20250630,2025-06-30,9,3274198,176,214,15299.99,2025-06-30 03:30:00
271,20250701,2025-07-01,1,45115576,185,214,210820.45,2025-07-01 03:30:00
272,20250701,2025-07-01,2,28500000,185,214,133177.57,2025-07-01 03:30:00
273,20250701,2025-07-01,3,44341368,185,214,207202.65,2025-07-01 03:30:00
274,20250701,2025-07-01,4,8720000,185,214,40747.66,2025-07-01 03:30:00
275,20250701,2025-07-01,5,18685000,185,214,87313.08,2025-07-01 03:30:00
276,20250701,2025-07-01,6,21190000,185,214,99018.69,2025-07-01 03:30:00
277,20250701,2025-07-01,7,39245000,185,214,183387.85,2025-07-01 03:30:00
278,20250701,2025-07-01,8,21189520,185,214,99016.45,2025-07-01 03:30:00
279,20250701,2025-07-01,9,3658910,185,214,17097.71,2025-07-01 03:30:00
280,20250702,2025-07-02,1,46441654,194,214,217017.07,2025-07-02 03:30:00
281,20250702,2025-07-02,2,28500000,194,214,133177.57,2025-07-02 03:30:00
282,20250702,2025-07-02,3,45474072,194,214,212495.66,2025-07-02 03:30:00
283,20250702,2025-07-02,4,9008000,194,214,42093.46,2025-07-02 03:30:00
284,20250702,2025-07-02,5,18874000,194,214,88196.26,2025-07-02 03:30:00
285,20250702,2025-07-02,6,21856000,194,214,102130.84,2025-07-02 03:30:00
286,20250702,2025-07-02,7,40280000,194,214,188224.3,2025-07-02 03:30:00
287,20250702,2025-07-02,8,21882880,194,214,102256.45,2025-07-02 03:30:00
288,20250702,2025-07-02,9,3705839,194,214,17317.0,2025-07-02 03:30:00
289,20250703,2025-07-03,1,46301722,193,214,216363.19,2025-07-03 03:30:00
290,20250703,2025-07-03,2,28500000,193,214,133177.57,2025-07-03 03:30:00
291,20250703,2025-07-03,3,45358096,193,214,211953.72,2025-07-03 03:30:00
292,20250703,2025-07-03,4,8976000,193,214,41943.93,2025-07-03 03:30:00
293,20250703,2025-07-03,5,18853000,193,214,88098.13,2025-07-03 03:30:00
294,20250703,2025-07-03,6,21782000,193,214,101785.05,2025-07-03 03:30:00
295,20250703,2025-07-03,7,41045000,193,214,191799.07,2025-07-03 03:30:00
296,20250703,2025-07-03,8,21865600,193,214,102175.7,2025-07-03 03:30:00
297,20250703,2025-07-03,9,3835230,193,214,17921.64,2025-07-03 03:30:00
298,20250704,2025-07-04,1,47559628,201,214,222241.25,2025-07-04 03:30:00
299,20250704,2025-07-04,2,28500000,201,214,133177.57,2025-07-04 03:30:00
300,20250704,2025-07-04,3,46434104,201,214,216981.79,2025-07-04 03:30:00
301,20250704,2025-07-04,4,9232000,201,214,43140.19,2025-07-04 03:30:00
302,20250704,2025-07-04,5,19021000,201,214,88883.18,2025-07-04 03:30:00
303,20250704,2025-07-04,6,22374000,201,214,104551.4,2025-07-04 03:30:00
304,20250704,2025-07-04,7,42765000,201,214,199836.45,2025-07-04 03:30:00
305,20250704,2025-07-04,8,22642480,201,214,105805.98,2025-07-04 03:30:00
306,20250704,2025-07-04,9,3290909,201,214,15378.08,2025-07-04 03:30:00
307,20250705,2025-07-05,1,48653890,208,214,227354.63,2025-07-05 03:30:00
308,20250705,2025-07-05,2,29800000,208,214,139252.34,2025-07-05 03:30:00
309,20250705,2025-07-05,3,56056920,208,214,261948.22,2025-07-05 03:30:00
310,20250705,2025-07-05,4,9456000,208,214,44186.92,2025-07-05 03:30:00
311,20250705,2025-07-05,5,19168000,208,214,89570.09,2025-07-05 03:30:00
312,20250705,2025-07-05,6,22892000,208,214,106971.96,2025-07-05 03:30:00
313,20250705,2025-07-05,7,45060000,208,214,210560.75,2025-07-05 03:30:00
314,20250705,2025-07-05,8,23222800,208,214,108517.76,2025-07-05 03:30:00
315,20250705,2025-07-05,9,3864053,208,214,18056.32,2025-07-05 03:30:00
316,20250706,2025-07-06,1,48653890,208,214,227354.63,2025-07-06 03:30:00
317,20250706,2025-07-06,2,29800000,208,214,139252.34,2025-07-06 03:30:00
318,20250706,2025-07-06,3,56056920,208,214,261948.22,2025-07-06 03:30:00
319,20250706,2025-07-06,4,9456000,208,214,44186.92,2025-07-06 03:30:00
320,20250706,2025-07-06,5,19168000,208,214,89570.09,2025-07-06 03:30:00
321,20250706,2025-07-06,6,22892000,208,214,106971.96,2025-07-06 03:30:00
322,20250706,2025-07-06,7,45485000,208,214,212546.73,2025-07-06 03:30:00
323,20250706,2025-07-06,8,23202640,208,214,108423.55,2025-07-06 03:30:00
324,20250706,2025-07-06,9,3919701,208,214,18316.36,2025-07-06 03:30:00
325,20250707,2025-07-07,1,45112612,185,214,210806.6,2025-07-07 03:30:00
326,20250707,2025-07-07,2,28500000,185,214,133177.57,2025-07-07 03:30:00
327,20250707,2025-07-07,3,44337416,185,214,207184.19,2025-07-07 03:30:00
328,20250707,2025-07-07,4,8720000,185,214,40747.66,2025-07-07 03:30:00
329,20250707,2025-07-07,5,18685000,185,214,87313.08,2025-07-07 03:30:00
330,20250707,2025-07-07,6,21190000,185,214,99018.69,2025-07-07 03:30:00
331,20250707,2025-07-07,7,39125000,185,214,182827.1,2025-07-07 03:30:00
332,20250707,2025-07-07,8,21167200,185,214,98912.15,2025-07-07 03:30:00
333,20250707,2025-07-07,9,4032121,185,214,18841.69,2025-07-07 03:30:00
334,20250708,2025-07-08,1,45085936,185,214,210681.94,2025-07-08 03:30:00
335,20250708,2025-07-08,2,28500000,185,214,133177.57,2025-07-08 03:30:00
336,20250708,2025-07-08,3,44301848,185,214,207017.98,2025-07-08 03:30:00
337,20250708,2025-07-08,4,8720000,185,214,40747.66,2025-07-08 03:30:00
338,20250708,2025-07-08,5,18685000,185,214,87313.08,2025-07-08 03:30:00
339,20250708,2025-07-08,6,21190000,185,214,99018.69,2025-07-08 03:30:00
340,20250708,2025-07-08,7,39085000,185,214,182640.19,2025-07-08 03:30:00
341,20250708,2025-07-08,8,21171520,185,214,98932.34,2025-07-08 03:30:00
342,20250708,2025-07-08,9,3068970,185,214,14340.98,2025-07-08 03:30:00
343,20250709,2025-07-09,1,46590478,195,214,217712.51,2025-07-09 03:30:00
344,20250709,2025-07-09,2,28500000,195,214,133177.57,2025-07-09 03:30:00
345,20250709,2025-07-09,3,45601904,195,214,213093.01,2025-07-09 03:30:00
346,20250709,2025-07-09,4,9040000,195,214,42242.99,2025-07-09 03:30:00
347,20250709,2025-07-09,5,18895000,195,214,88294.39,2025-07-09 03:30:00
348,20250709,2025-07-09,6,21930000,195,214,102476.64,2025-07-09 03:30:00
349,20250709,2025-07-09,7,41460000,195,214,193738.32,2025-07-09 03:30:00
350,20250709,2025-07-09,8,22000960,195,214,102808.22,2025-07-09 03:30:00
351,20250709,2025-07-09,9,3696736,195,214,17274.47,2025-07-09 03:30:00
352,20250710,2025-07-10,1,46298758,193,214,216349.34,2025-07-10 03:30:00
353,20250710,2025-07-10,2,28500000,193,214,133177.57,2025-07-10 03:30:00
354,20250710,2025-07-10,3,45354144,193,214,211935.25,2025-07-10 03:30:00
355,20250710,2025-07-10,4,8976000,193,214,41943.93,2025-07-10 03:30:00
356,20250710,2025-07-10,5,18853000,193,214,88098.13,2025-07-10 03:30:00
357,20250710,2025-07-10,6,21782000,193,214,101785.05,2025-07-10 03:30:00
358,20250710,2025-07-10,7,38670000,193,214,180700.93,2025-07-10 03:30:00
359,20250710,2025-07-10,8,21746800,193,214,101620.56,2025-07-10 03:30:00
360,20250710,2025-07-10,9,3151361,193,214,14725.99,2025-07-10 03:30:00
361,20250711,2025-07-11,1,47407840,200,214,221531.96,2025-07-11 03:30:00
362,20250711,2025-07-11,2,28500000,200,214,133177.57,2025-07-11 03:30:00
363,20250711,2025-07-11,3,46302320,200,214,216365.98,2025-07-11 03:30:00
364,20250711,2025-07-11,4,9200000,200,214,42990.65,2025-07-11 03:30:00
365,20250711,2025-07-11,5,19000000,200,214,88785.05,2025-07-11 03:30:00
366,20250711,2025-07-11,6,22300000,200,214,104205.61,2025-07-11 03:30:00
367,20250711,2025-07-11,7,39705000,200,214,185537.38,2025-07-11 03:30:00
368,20250711,2025-07-11,8,22365280,200,214,104510.65,2025-07-11 03:30:00
369,20250711,2025-07-11,9,3307513,200,214,15455.67,2025-07-11 03:30:00
370,20250712,2025-07-12,1,48802714,209,214,228050.07,2025-07-12 03:30:00
371,20250712,2025-07-12,2,29800000,209,214,139252.34,2025-07-12 03:30:00
372,20250712,2025-07-12,3,56226552,209,214,262740.9,2025-07-12 03:30:00
373,20250712,2025-07-12,4,9488000,209,214,44336.45,2025-07-12 03:30:00
374,20250712,2025-07-12,5,19189000,209,214,89668.22,2025-07-12 03:30:00
375,20250712,2025-07-12,6,22966000,209,214,107317.76,2025-07-12 03:30:00
376,20250712,2025-07-12,7,44420000,209,214,207570.09,2025-07-12 03:30:00
377,20250712,2025-07-12,8,23159440,209,214,108221.68,2025-07-12 03:30:00
378,20250712,2025-07-12,9,3529942,209,214,16495.06,2025-07-12 03:30:00
379,20250713,2025-07-13,1,48802714,209,214,228050.07,2025-07-13 03:30:00
380,20250713,2025-07-13,2,29800000,209,214,139252.34,2025-07-13 03:30:00
381,20250713,2025-07-13,3,56226552,209,214,262740.9,2025-07-13 03:30:00
382,20250713,2025-07-13,4,9488000,209,214,44336.45,2025-07-13 03:30:00
383,20250713,2025-07-13,5,19189000,209,214,89668.22,2025-07-13 03:30:00
384,20250713,2025-07-13,6,22966000,209,214,107317.76,2025-07-13 03:30:00
385,20250713,2025-07-13,7,45600000,209,214,213084.11,2025-07-13 03:30:00
386,20250713,2025-07-13,8,23240080,209,214,108598.5,2025-07-13 03:30:00
387,20250713,2025-07-13,9,3452957,209,214,16135.31,2025-07-13 03:30:00
388,20250714,2025-07-14,1,45261436,186,214,211502.04,2025-07-14 03:30:00
389,20250714,2025-07-14,2,28500000,186,214,133177.57,2025-07-14 03:30:00
390,20250714,2025-07-14,3,44465248,186,214,207781.53,2025-07-14 03:30:00
391,20250714,2025-07-14,4,8752000,186,214,40897.2,2025-07-14 03:30:00
392,20250714,2025-07-14,5,23206000,186,214,108439.25,2025-07-14 03:30:00
393,20250714,2025-07-14,6,21264000,186,214,99364.49,2025-07-14 03:30:00
394,20250714,2025-07-14,7,41270000,186,214,192850.47,2025-07-14 03:30:00
395,20250714,2025-07-14,8,21327760,186,214,99662.43,2025-07-14 03:30:00
396,20250714,2025-07-14,9,3762435,186,214,17581.47,2025-07-14 03:30:00
397,20250715,2025-07-15,1,45255508,186,214,211474.34,2025-07-15 03:30:00
398,20250715,2025-07-15,2,28500000,186,214,133177.57,2025-07-15 03:30:00
399,20250715,2025-07-15,3,44457344,186,214,207744.6,2025-07-15 03:30:00
400,20250715,2025-07-15,4,8752000,186,214,40897.2,2025-07-15 03:30:00
401,20250715,2025-07-15,5,18706000,186,214,87411.21,2025-07-15 03:30:00
402,20250715,2025-07-15,6,21264000,186,214,99364.49,2025-07-15 03:30:00
403,20250715,2025-07-15,7,41730000,186,214,195000.0,2025-07-15 03:30:00
404,20250715,2025-07-15,8,21347920,186,214,99756.64,2025-07-15 03:30:00
405,20250715,2025-07-15,9,3698470,186,214,17282.57,2025-07-15 03:30:00
406,20250716,2025-07-16,1,46444618,194,214,217030.93,2025-07-16 03:30:00
407,20250716,2025-07-16,2,28500000,194,214,133177.57,2025-07-16 03:30:00
408,20250716,2025-07-16,3,45478024,194,214,212514.13,2025-07-16 03:30:00
409,20250716,2025-07-16,4,9008000,194,214,42093.46,2025-07-16 03:30:00
410,20250716,2025-07-16,5,18874000,194,214,88196.26,2025-07-16 03:30:00
411,20250716,2025-07-16,6,21856000,194,214,102130.84,2025-07-16 03:30:00
412,20250716,2025-07-16,7,42225000,194,214,197313.08,2025-07-16 03:30:00
413,20250716,2025-07-16,8,22124800,194,214,103386.92,2025-07-16 03:30:00
414,20250716,2025-07-16,9,3617441,194,214,16903.93,2025-07-16 03:30:00
415,20250717,2025-07-17,1,46298758,193,214,216349.34,2025-07-17 03:30:00
416,20250717,2025-07-17,2,28500000,193,214,133177.57,2025-07-17 03:30:00
417,20250717,2025-07-17,3,45354144,193,214,211935.25,2025-07-17 03:30:00
418,20250717,2025-07-17,4,8976000,193,214,41943.93,2025-07-17 03:30:00
419,20250717,2025-07-17,5,18853000,193,214,88098.13,2025-07-17 03:30:00
420,20250717,2025-07-17,6,21782000,193,214,101785.05,2025-07-17 03:30:00
421,20250717,2025-07-17,7,41355000,193,214,193247.66,2025-07-17 03:30:00
422,20250717,2025-07-17,8,21966400,193,214,102646.73,2025-07-17 03:30:00
423,20250717,2025-07-17,9,3820465,193,214,17852.64,2025-07-17 03:30:00
424,20250718,2025-07-18,1,48970804,210,214,228835.53,2025-07-18 03:30:00
425,20250718,2025-07-18,2,28500000,210,214,133177.57,2025-07-18 03:30:00
426,20250718,2025-07-18,3,47643872,210,214,222634.92,2025-07-18 03:30:00
427,20250718,2025-07-18,4,9520000,210,214,44485.98,2025-07-18 03:30:00
428,20250718,2025-07-18,5,23710000,210,214,110794.39,2025-07-18 03:30:00
429,20250718,2025-07-18,6,23040000,210,214,107663.55,2025-07-18 03:30:00
430,20250718,2025-07-18,7,44535000,210,214,208107.48,2025-07-18 03:30:00
431,20250718,2025-07-18,8,23356000,210,214,109140.19,2025-07-18 03:30:00
432,20250718,2025-07-18,9,3296972,210,214,15406.41,2025-07-18 03:30:00
433,20250719,2025-07-19,1,48802714,209,214,228050.07,2025-07-19 03:30:00
434,20250719,2025-07-19,2,29800000,209,214,139252.34,2025-07-19 03:30:00
435,20250719,2025-07-19,3,56226552,209,214,262740.9,2025-07-19 03:30:00
436,20250719,2025-07-19,4,9488000,209,214,44336.45,2025-07-19 03:30:00
437,20250719,2025-07-19,5,19189000,209,214,89668.22,2025-07-19 03:30:00
438,20250719,2025-07-19,6,22966000,209,214,107317.76,2025-07-19 03:30:00
439,20250719,2025-07-19,7,42345000,209,214,197873.83,2025-07-19 03:30:00
440,20250719,2025-07-19,8,23159440,209,214,108221.68,2025-07-19 03:30:00
441,20250719,2025-07-19,9,3428890,209,214,16022.85,2025-07-19 03:30:00
442,20250720,2025-07-20,1,48978214,210,214,228870.16,2025-07-20 03:30:00
443,20250720,2025-07-20,2,29800000,210,214,139252.34,2025-07-20 03:30:00
444,20250720,2025-07-20,3,56431752,210,214,263699.78,2025-07-20 03:30:00
445,20250720,2025-07-20,4,9520000,210,214,44485.98,2025-07-20 03:30:00
446,20250720,2025-07-20,5,23710000,210,214,110794.39,2025-07-20 03:30:00
447,20250720,2025-07-20,6,23040000,210,214,107663.55,2025-07-20 03:30:00
448,20250720,2025-07-20,7,41965000,210,214,196098.13,2025-07-20 03:30:00
449,20250720,2025-07-20,8,23174560,210,214,108292.34,2025-07-20 03:30:00
450,20250720,2025-07-20,9,3520053,210,214,16448.85,2025-07-20 03:30:00
451,20250721,2025-07-21,1,45115576,185,214,210820.45,2025-07-21 03:30:00
452,20250721,2025-07-21,2,28500000,185,214,133177.57,2025-07-21 03:30:00
453,20250721,2025-07-21,3,44341368,185,214,207202.65,2025-07-21 03:30:00
454,20250721,2025-07-21,4,8720000,185,214,40747.66,2025-07-21 03:30:00
455,20250721,2025-07-21,5,18685000,185,214,87313.08,2025-07-21 03:30:00
456,20250721,2025-07-21,6,21190000,185,214,99018.69,2025-07-21 03:30:00
457,20250721,2025-07-21,7,37405000,185,214,174789.72,2025-07-21 03:30:00
458,20250721,2025-07-21,8,21129040,185,214,98733.83,2025-07-21 03:30:00
459,20250721,2025-07-21,9,3227023,185,214,15079.55,2025-07-21 03:30:00
460,20250722,2025-07-22,1,45115576,185,214,210820.45,2025-07-22 03:30:00
461,20250722,2025-07-22,2,28500000,185,214,133177.57,2025-07-22 03:30:00
462,20250722,2025-07-22,3,44341368,185,214,207202.65,2025-07-22 03:30:00
463,20250722,2025-07-22,4,8720000,185,214,40747.66,2025-07-22 03:30:00
464,20250722,2025-07-22,5,18685000,185,214,87313.08,2025-07-22 03:30:00
465,20250722,2025-07-22,6,21190000,185,214,99018.69,2025-07-22 03:30:00
466,20250722,2025-07-22,7,38210000,185,214,178551.4,2025-07-22 03:30:00
467,20250722,2025-07-22,8,21129040,185,214,98733.83,2025-07-22 03:30:00
468,20250722,2025-07-22,9,3382251,185,214,15804.91,2025-07-22 03:30:00
469,20250723,2025-07-23,1,46152898,192,214,215667.75,2025-07-23 03:30:00
470,20250723,2025-07-23,2,28500000,192,214,133177.57,2025-07-23 03:30:00
471,20250723,2025-07-23,3,45230264,192,214,211356.37,2025-07-23 03:30:00
472,20250723,2025-07-23,4,8944000,192,214,41794.39,2025-07-23 03:30:00
473,20250723,2025-07-23,5,18832000,192,214,88000.0,2025-07-23 03:30:00
474,20250723,2025-07-23,6,21708000,192,214,101439.25,2025-07-23 03:30:00
475,20250723,2025-07-23,7,41155000,192,214,192313.08,2025-07-23 03:30:00
476,20250723,2025-07-23,8,21729520,192,214,101539.81,2025-07-23 03:30:00
477,20250723,2025-07-23,9,3287203,192,214,15360.76,2025-07-23 03:30:00
478,20250724,2025-07-24,1,46301722,193,214,216363.19,2025-07-24 03:30:00
479,20250724,2025-07-24,2,28500000,193,214,133177.57,2025-07-24 03:30:00
480,20250724,2025-07-24,3,45358096,193,214,211953.72,2025-07-24 03:30:00
481,20250724,2025-07-24,4,8976000,193,214,41943.93,2025-07-24 03:30:00
482,20250724,2025-07-24,5,18853000,193,214,88098.13,2025-07-24 03:30:00
483,20250724,2025-07-24,6,21782000,193,214,101785.05,2025-07-24 03:30:00
484,20250724,2025-07-24,7,40695000,193,214,190163.55,2025-07-24 03:30:00
485,20250724,2025-07-24,8,21664000,193,214,101233.64,2025-07-24 03:30:00
486,20250724,2025-07-24,9,3817180,193,214,17837.29,2025-07-24 03:30:00
487,20250725,2025-07-25,1,47264944,199,214,220864.22,2025-07-25 03:30:00
488,20250725,2025-07-25,2,28500000,199,214,133177.57,2025-07-25 03:30:00
489,20250725,2025-07-25,3,46182392,199,214,215805.57,2025-07-25 03:30:00
490,20250725,2025-07-25,4,9168000,199,214,42841.12,2025-07-25 03:30:00
491,20250725,2025-07-25,5,18979000,199,214,88686.92,2025-07-25 03:30:00
492,20250725,2025-07-25,6,22226000,199,214,103859.81,2025-07-25 03:30:00
493,20250725,2025-07-25,7,42035000,199,214,196425.23,2025-07-25 03:30:00
494,20250725,2025-07-25,8,22267360,199,214,104053.08,2025-07-25 03:30:00
495,20250725,2025-07-25,9,3865148,199,214,18061.44,2025-07-25 03:30:00
496,20250726,2025-07-26,1,48656854,208,214,227368.48,2025-07-26 03:30:00
497,20250726,2025-07-26,2,29800000,208,214,139252.34,2025-07-26 03:30:00
498,20250726,2025-07-26,3,56060872,208,214,261966.69,2025-07-26 03:30:00
499,20250726,2025-07-26,4,9456000,208,214,44186.92,2025-07-26 03:30:00
500,20250726,2025-07-26,5,19168000,208,214,89570.09,2025-07-26 03:30:00
501,20250726,2025-07-26,6,22892000,208,214,106971.96,2025-07-26 03:30:00
502,20250726,2025-07-26,7,44180000,208,214,206448.6,2025-07-26 03:30:00
503,20250726,2025-07-26,8,23224960,208,214,108527.85,2025-07-26 03:30:00
504,20250726,2025-07-26,9,3839599,208,214,17942.05,2025-07-26 03:30:00
505,20250727,2025-07-27,1,48978214,210,214,228870.16,2025-07-27 03:30:00
506,20250727,2025-07-27,2,29800000,210,214,139252.34,2025-07-27 03:30:00
507,20250727,2025-07-27,3,56431752,210,214,263699.78,2025-07-27 03:30:00
508,20250727,2025-07-27,4,9520000,210,214,44485.98,2025-07-27 03:30:00
509,20250727,2025-07-27,5,19210000,210,214,89766.36,2025-07-27 03:30:00
510,20250727,2025-07-27,6,23040000,210,214,107663.55,2025-07-27 03:30:00
511,20250727,2025-07-27,7,45110000,210,214,210794.39,2025-07-27 03:30:00
512,20250727,2025-07-27,8,23356000,210,214,109140.19,2025-07-27 03:30:00
513,20250727,2025-07-27,9,3250944,210,214,15191.33,2025-07-27 03:30:00
514,20250728,2025-07-28,1,45255508,186,214,211474.34,2025-07-28 03:30:00
515,20250728,2025-07-28,2,28500000,186,214,133177.57,2025-07-28 03:30:00
516,20250728,2025-07-28,3,44457344,186,214,207744.6,2025-07-28 03:30:00
517,20250728,2025-07-28,4,8752000,186,214,40897.2,2025-07-28 03:30:00
518,20250728,2025-07-28,5,18706000,186,214,87411.21,2025-07-28 03:30:00
519,20250728,2025-07-28,6,21264000,186,214,99364.49,2025-07-28 03:30:00
520,20250728,2025-07-28,7,38670000,186,214,180700.93,2025-07-28 03:30:00
521,20250728,2025-07-28,8,21206800,186,214,99097.2,2025-07-28 03:30:00
522,20250728,2025-07-28,9,3703837,186,214,17307.65,2025-07-28 03:30:00
523,20250729,2025-07-29,1,45404332,187,214,212169.78,2025-07-29 03:30:00
524,20250729,2025-07-29,2,28500000,187,214,133177.57,2025-07-29 03:30:00
525,20250729,2025-07-29,3,44585176,187,214,208341.94,2025-07-29 03:30:00
526,20250729,2025-07-29,4,8784000,187,214,41046.73,2025-07-29 03:30:00
527,20250729,2025-07-29,5,18727000,187,214,87509.35,2025-07-29 03:30:00
528,20250729,2025-07-29,6,21338000,187,214,99710.28,2025-07-29 03:30:00
529,20250729,2025-07-29,7,38975000,187,214,182126.17,2025-07-29 03:30:00
530,20250729,2025-07-29,8,21284560,187,214,99460.56,2025-07-29 03:30:00
531,20250729,2025-07-29,9,4128368,187,214,19291.44,2025-07-29 03:30:00
532,20250730,2025-07-30,1,46155862,192,214,215681.6,2025-07-30 03:30:00
533,20250730,2025-07-30,2,28500000,192,214,133177.57,2025-07-30 03:30:00
534,20250730,2025-07-30,3,45234216,192,214,211374.84,2025-07-30 03:30:00
535,20250730,2025-07-30,4,8944000,192,214,41794.39,2025-07-30 03:30:00
536,20250730,2025-07-30,5,18832000,192,214,88000.0,2025-07-30 03:30:00
537,20250730,2025-07-30,6,21708000,192,214,101439.25,2025-07-30 03:30:00
538,20250730,2025-07-30,7,39630000,192,214,185186.92,2025-07-30 03:30:00
539,20250730,2025-07-30,8,21669040,192,214,101257.2,2025-07-30 03:30:00
540,20250730,2025-07-30,9,3663532,192,214,17119.31,2025-07-30 03:30:00
541,20250731,2025-07-31,1,46298758,193,214,216349.34,2025-07-31 03:30:00
542,20250731,2025-07-31,2,28500000,193,214,133177.57,2025-07-31 03:30:00
543,20250731,2025-07-31,3,45354144,193,214,211935.25,2025-07-31 03:30:00
544,20250731,2025-07-31,4,8976000,193,214,41943.93,2025-07-31 03:30:00
545,20250731,2025-07-31,5,18853000,193,214,88098.13,2025-07-31 03:30:00
546,20250731,2025-07-31,6,21782000,193,214,101785.05,2025-07-31 03:30:00
547,20250731,2025-07-31,7,38825000,193,214,181425.23,2025-07-31 03:30:00
548,20250731,2025-07-31,8,21805120,193,214,101893.08,2025-07-31 03:30:00
549,20250731,2025-07-31,9,3205980,193,214,14981.21,2025-07-31 03:30:00
550,20250801,2025-08-01,1,45838948,190,214,214200.69,2025-08-01 03:30:00
551,20250801,2025-08-01,2,28500000,190,214,133177.57,2025-08-01 03:30:00
552,20250801,2025-08-01,3,44952864,190,214,210060.11,2025-08-01 03:30:00
553,20250801,2025-08-01,4,8880000,190,214,41495.33,2025-08-01 03:30:00
554,20250801,2025-08-01,5,18790000,190,214,87803.74,2025-08-01 03:30:00
555,20250801,2025-08-01,6,21560000,190,214,100747.66,2025-08-01 03:30:00
556,20250801,2025-08-01,7,40280000,190,214,188224.3,2025-08-01 03:30:00
557,20250801,2025-08-01,8,21515680,190,214,100540.56,2025-08-01 03:30:00
558,20250801,2025-08-01,9,3681321,190,214,17202.43,2025-08-01 03:30:00
559,20250802,2025-08-02,1,47267908,199,214,220878.07,2025-08-02 03:30:00
560,20250802,2025-08-02,2,29800000,199,214,139252.34,2025-08-02 03:30:00
561,20250802,2025-08-02,3,54504544,199,214,254694.13,2025-08-02 03:30:00
562,20250802,2025-08-02,4,9168000,199,214,42841.12,2025-08-02 03:30:00
563,20250802,2025-08-02,5,18979000,199,214,88686.92,2025-08-02 03:30:00
564,20250802,2025-08-02,6,22226000,199,214,103859.81,2025-08-02 03:30:00
565,20250802,2025-08-02,7,41505000,199,214,193948.6,2025-08-02 03:30:00
566,20250802,2025-08-02,8,22410640,199,214,104722.62,2025-08-02 03:30:00
567,20250802,2025-08-02,9,3576402,199,214,16712.16,2025-08-02 03:30:00
568,20250803,2025-08-03,1,47122048,198,214,220196.49,2025-08-03 03:30:00
569,20250803,2025-08-03,2,29800000,198,214,139252.34,2025-08-03 03:30:00
570,20250803,2025-08-03,3,54338864,198,214,253919.93,2025-08-03 03:30:00
571,20250803,2025-08-03,4,9136000,198,214,42691.59,2025-08-03 03:30:00
572,20250803,2025-08-03,5,18958000,198,214,88588.79,2025-08-03 03:30:00
573,20250803,2025-08-03,6,22152000,198,214,103514.02,2025-08-03 03:30:00
574,20250803,2025-08-03,7,42920000,198,214,200560.75,2025-08-03 03:30:00
575,20250803,2025-08-03,8,22411360,198,214,104725.98,2025-08-03 03:30:00
576,20250803,2025-08-03,9,3684805,198,214,17218.71,2025-08-03 03:30:00
577,20250804,2025-08-04,1,43753930,176,214,204457.62,2025-08-04 03:30:00
578,20250804,2025-08-04,2,28500000,176,214,133177.57,2025-08-04 03:30:00
579,20250804,2025-08-04,3,43161240,176,214,201688.04,2025-08-04 03:30:00
580,20250804,2025-08-04,4,8432000,176,214,39401.87,2025-08-04 03:30:00
581,20250804,2025-08-04,5,18496000,176,214,86429.91,2025-08-04 03:30:00
582,20250804,2025-08-04,6,20524000,176,214,95906.54,2025-08-04 03:30:00
583,20250804,2025-08-04,7,36750000,176,214,171728.97,2025-08-04 03:30:00
584,20250804,2025-08-04,8,20357200,176,214,95127.1,2025-08-04 03:30:00
585,20250804,2025-08-04,9,3498496,176,214,16348.11,2025-08-04 03:30:00
586,20250805,2025-08-05,1,43459246,174,214,203080.59,2025-08-05 03:30:00
587,20250805,2025-08-05,2,28500000,174,214,133177.57,2025-08-05 03:30:00
588,20250805,2025-08-05,3,42909528,174,214,200511.81,2025-08-05 03:30:00
589,20250805,2025-08-05,4,8368000,174,214,39102.8,2025-08-05 03:30:00
590,20250805,2025-08-05,5,18454000,174,214,86233.64,2025-08-05 03:30:00
591,20250805,2025-08-05,6,20376000,174,214,95214.95,2025-08-05 03:30:00
592,20250805,2025-08-05,7,37095000,174,214,173341.12,2025-08-05 03:30:00
593,20250805,2025-08-05,8,20221840,174,214,94494.58,2025-08-05 03:30:00
594,20250805,2025-08-05,9,3468782,174,214,16209.26,2025-08-05 03:30:00
595,20250806,2025-08-06,1,44648356,182,214,208637.18,2025-08-06 03:30:00
596,20250806,2025-08-06,2,28500000,182,214,133177.57,2025-08-06 03:30:00
597,20250806,2025-08-06,3,43930208,182,214,205281.35,2025-08-06 03:30:00
598,20250806,2025-08-06,4,8624000,182,214,40299.07,2025-08-06 03:30:00
599,20250806,2025-08-06,5,18622000,182,214,87018.69,2025-08-06 03:30:00
600,20250806,2025-08-06,6,20968000,182,214,97981.31,2025-08-06 03:30:00
601,20250806,2025-08-06,7,37435000,182,214,174929.91,2025-08-06 03:30:00
602,20250806,2025-08-06,8,20857600,182,214,97465.42,2025-08-06 03:30:00
603,20250806,2025-08-06,9,3404315,182,214,15908.01,2025-08-06 03:30:00
604,20250807,2025-08-07,1,44502496,181,214,207955.59,2025-08-07 03:30:00
605,20250807,2025-08-07,2,28500000,181,214,133177.57,2025-08-07 03:30:00
606,20250807,2025-08-07,3,43806328,181,214,204702.47,2025-08-07 03:30:00
607,20250807,2025-08-07,4,8592000,181,214,40149.53,2025-08-07 03:30:00
608,20250807,2025-08-07,5,18601000,181,214,86920.56,2025-08-07 03:30:00
609,20250807,2025-08-07,6,20894000,181,214,97635.51,2025-08-07 03:30:00
610,20250807,2025-08-07,7,38585000,181,214,180303.74,2025-08-07 03:30:00
611,20250807,2025-08-07,8,20842480,181,214,97394.77,2025-08-07 03:30:00
612,20250807,2025-08-07,9,3499286,181,214,16351.8,2025-08-07 03:30:00
613,20250808,2025-08-08,1,46733374,196,214,218380.25,2025-08-08 03:30:00
614,20250808,2025-08-08,2,28500000,196,214,133177.57,2025-08-08 03:30:00
615,20250808,2025-08-08,3,45721832,196,214,213653.42,2025-08-08 03:30:00
616,20250808,2025-08-08,4,9072000,196,214,42392.52,2025-08-08 03:30:00
617,20250808,2025-08-08,5,18916000,196,214,88392.52,2025-08-08 03:30:00
618,20250808,2025-08-08,6,22004000,196,214,102822.43,2025-08-08 03:30:00
619,20250808,2025-08-08,7,41195000,196,214,192500.0,2025-08-08 03:30:00
620,20250808,2025-08-08,8,22219840,196,214,103831.03,2025-08-08 03:30:00
621,20250808,2025-08-08,9,3731355,196,214,17436.24,2025-08-08 03:30:00
622,20250809,2025-08-09,1,48513958,207,214,226700.74,2025-08-09 03:30:00
623,20250809,2025-08-09,2,29800000,207,214,139252.34,2025-08-09 03:30:00
624,20250809,2025-08-09,3,55899144,207,214,261210.95,2025-08-09 03:30:00
625,20250809,2025-08-09,4,9424000,207,214,44037.38,2025-08-09 03:30:00
626,20250809,2025-08-09,5,19147000,207,214,89471.96,2025-08-09 03:30:00
627,20250809,2025-08-09,6,22818000,207,214,106626.17,2025-08-09 03:30:00
628,20250809,2025-08-09,7,42040000,207,214,196448.6,2025-08-09 03:30:00
629,20250809,2025-08-09,8,23026240,207,214,107599.25,2025-08-09 03:30:00
630,20250809,2025-08-09,9,3716839,207,214,17368.41,2025-08-09 03:30:00
631,20250810,2025-08-10,1,48508030,207,214,226673.04,2025-08-10 03:30:00
632,20250810,2025-08-10,2,29800000,207,214,139252.34,2025-08-10 03:30:00
633,20250810,2025-08-10,3,55891240,207,214,261174.02,2025-08-10 03:30:00
634,20250810,2025-08-10,4,9424000,207,214,44037.38,2025-08-10 03:30:00
635,20250810,2025-08-10,5,19147000,207,214,89471.96,2025-08-10 03:30:00
636,20250810,2025-08-10,6,22818000,207,214,106626.17,2025-08-10 03:30:00
637,20250810,2025-08-10,7,43920000,207,214,205233.64,2025-08-10 03:30:00
638,20250810,2025-08-10,8,22965760,207,214,107316.64,2025-08-10 03:30:00
639,20250810,2025-08-10,9,3267563,207,214,15268.99,2025-08-10 03:30:00
640,20250811,2025-08-11,1,43462210,174,214,203094.44,2025-08-11 03:30:00
641,20250811,2025-08-11,2,28500000,174,214,133177.57,2025-08-11 03:30:00
642,20250811,2025-08-11,3,42913480,174,214,200530.28,2025-08-11 03:30:00
643,20250811,2025-08-11,4,8368000,174,214,39102.8,2025-08-11 03:30:00
644,20250811,2025-08-11,5,18454000,174,214,86233.64,2025-08-11 03:30:00
645,20250811,2025-08-11,6,20376000,174,214,95214.95,2025-08-11 03:30:00
646,20250811,2025-08-11,7,38015000,174,214,177640.19,2025-08-11 03:30:00
647,20250811,2025-08-11,8,20221840,174,214,94494.58,2025-08-11 03:30:00
648,20250811,2025-08-11,9,3722954,174,214,17396.98,2025-08-11 03:30:00
649,20250812,2025-08-12,1,43459246,174,214,203080.59,2025-08-12 03:30:00
650,20250812,2025-08-12,2,28500000,174,214,133177.57,2025-08-12 03:30:00
651,20250812,2025-08-12,3,42909528,174,214,200511.81,2025-08-12 03:30:00
652,20250812,2025-08-12,4,8368000,174,214,39102.8,2025-08-12 03:30:00
653,20250812,2025-08-12,5,18454000,174,214,86233.64,2025-08-12 03:30:00
654,20250812,2025-08-12,6,20376000,174,214,95214.95,2025-08-12 03:30:00
655,20250812,2025-08-12,7,36785000,174,214,171892.52,2025-08-12 03:30:00
656,20250812,2025-08-12,8,20181520,174,214,94306.17,2025-08-12 03:30:00
657,20250812,2025-08-12,9,3467352,174,214,16202.58,2025-08-12 03:30:00
658,20250813,2025-08-13,1,44648356,182,214,208637.18,2025-08-13 03:30:00
659,20250813,2025-08-13,2,28500000,182,214,133177.57,2025-08-13 03:30:00
660,20250813,2025-08-13,3,43930208,182,214,205281.35,2025-08-13 03:30:00
661,20250813,2025-08-13,4,8624000,182,214,40299.07,2025-08-13 03:30:00
662,20250813,2025-08-13,5,18622000,182,214,87018.69,2025-08-13 03:30:00
663,20250813,2025-08-13,6,20968000,182,214,97981.31,2025-08-13 03:30:00
664,20250813,2025-08-13,7,37745000,182,214,176378.5,2025-08-13 03:30:00
665,20250813,2025-08-13,8,20877760,182,214,97559.63,2025-08-13 03:30:00
666,20250813,2025-08-13,9,3215562,182,214,15025.99,2025-08-13 03:30:00
667,20250814,2025-08-14,1,44645392,182,214,208623.33,2025-08-14 03:30:00
668,20250814,2025-08-14,2,28500000,182,214,133177.57,2025-08-14 03:30:00
669,20250814,2025-08-14,3,43926256,182,214,205262.88,2025-08-14 03:30:00
670,20250814,2025-08-14,4,8624000,182,214,40299.07,2025-08-14 03:30:00
671,20250814,2025-08-14,5,18622000,182,214,87018.69,2025-08-14 03:30:00
672,20250814,2025-08-14,6,20968000,182,214,97981.31,2025-08-14 03:30:00
673,20250814,2025-08-14,7,38400000,182,214,179439.25,2025-08-14 03:30:00
674,20250814,2025-08-14,8,20920240,182,214,97758.13,2025-08-14 03:30:00
675,20250814,2025-08-14,9,3557925,182,214,16625.82,2025-08-14 03:30:00
676,20250815,2025-08-15,1,45715318,189,214,213622.98,2025-08-15 03:30:00
677,20250815,2025-08-15,2,28500000,189,214,133177.57,2025-08-15 03:30:00
678,20250815,2025-08-15,3,44858624,189,214,209619.74,2025-08-15 03:30:00
679,20250815,2025-08-15,4,8848000,189,214,41345.79,2025-08-15 03:30:00
680,20250815,2025-08-15,5,18769000,189,214,87705.61,2025-08-15 03:30:00
681,20250815,2025-08-15,6,21486000,189,214,100401.87,2025-08-15 03:30:00
682,20250815,2025-08-15,7,39965000,189,214,186752.34,2025-08-15 03:30:00
683,20250815,2025-08-15,8,21579040,189,214,100836.64,2025-08-15 03:30:00
684,20250815,2025-08-15,9,5742330,189,214,26833.32,2025-08-15 03:30:00
685,20250816,2025-08-16,1,47119084,198,214,220182.64,2025-08-16 03:30:00
686,20250816,2025-08-16,2,29800000,198,214,139252.34,2025-08-16 03:30:00
687,20250816,2025-08-16,3,54334912,198,214,253901.46,2025-08-16 03:30:00
688,20250816,2025-08-16,4,9136000,198,214,42691.59,2025-08-16 03:30:00
689,20250816,2025-08-16,5,18958000,198,214,88588.79,2025-08-16 03:30:00
690,20250816,2025-08-16,6,22152000,198,214,103514.02,2025-08-16 03:30:00
691,20250816,2025-08-16,7,41960000,198,214,196074.77,2025-08-16 03:30:00
692,20250816,2025-08-16,8,22310560,198,214,104254.95,2025-08-16 03:30:00
693,20250816,2025-08-16,9,5271027,198,214,24630.97,2025-08-16 03:30:00
694,20250817,2025-08-17,1,46736338,196,214,218394.1,2025-08-17 03:30:00
695,20250817,2025-08-17,2,29800000,196,214,139252.34,2025-08-17 03:30:00
696,20250817,2025-08-17,3,53918584,196,214,251956.0,2025-08-17 03:30:00
697,20250817,2025-08-17,4,9072000,196,214,42392.52,2025-08-17 03:30:00
698,20250817,2025-08-17,5,18916000,196,214,88392.52,2025-08-17 03:30:00
699,20250817,2025-08-17,6,22004000,196,214,102822.43,2025-08-17 03:30:00
700,20250817,2025-08-17,7,41270000,196,214,192850.47,2025-08-17 03:30:00
701,20250817,2025-08-17,8,21935440,196,214,102502.06,2025-08-17 03:30:00
702,20250817,2025-08-17,9,5868690,196,214,27423.79,2025-08-17 03:30:00
703,20250818,2025-08-18,1,43167526,172,214,201717.41,2025-08-18 03:30:00
704,20250818,2025-08-18,2,28500000,172,214,133177.57,2025-08-18 03:30:00
705,20250818,2025-08-18,3,42661768,172,214,199354.06,2025-08-18 03:30:00
706,20250818,2025-08-18,4,8304000,172,214,38803.74,2025-08-18 03:30:00
707,20250818,2025-08-18,5,18412000,172,214,86037.38,2025-08-18 03:30:00
708,20250818,2025-08-18,6,20228000,172,214,94523.36,2025-08-18 03:30:00
709,20250818,2025-08-18,7,36865000,172,214,172266.36,2025-08-18 03:30:00
710,20250818,2025-08-18,8,20146960,172,214,94144.67,2025-08-18 03:30:00
711,20250818,2025-08-18,9,5751011,172,214,26873.88,2025-08-18 03:30:00
712,20250819,2025-08-19,1,42732910,169,214,199686.5,2025-08-19 03:30:00
713,20250819,2025-08-19,2,28500000,169,214,133177.57,2025-08-19 03:30:00
714,20250819,2025-08-19,3,42294080,169,214,197635.89,2025-08-19 03:30:00
715,20250819,2025-08-19,4,8208000,169,214,38355.14,2025-08-19 03:30:00
716,20250819,2025-08-19,5,18349000,169,214,85742.99,2025-08-19 03:30:00
717,20250819,2025-08-19,6,20006000,169,214,93485.98,2025-08-19 03:30:00
718,20250819,2025-08-19,7,34910000,169,214,163130.84,2025-08-19 03:30:00
719,20250819,2025-08-19,8,19794880,169,214,92499.44,2025-08-19 03:30:00
720,20250819,2025-08-19,9,5769678,169,214,26961.11,2025-08-19 03:30:00
721,20250820,2025-08-20,1,44067880,178,214,205924.67,2025-08-20 03:30:00
722,20250820,2025-08-20,2,28500000,178,214,133177.57,2025-08-20 03:30:00
723,20250820,2025-08-20,3,43438640,178,214,202984.3,2025-08-20 03:30:00
724,20250820,2025-08-20,4,8496000,178,214,39700.93,2025-08-20 03:30:00
725,20250820,2025-08-20,5,18538000,178,214,86626.17,2025-08-20 03:30:00
726,20250820,2025-08-20,6,20672000,178,214,96598.13,2025-08-20 03:30:00
727,20250820,2025-08-20,7,37480000,178,214,175140.19,2025-08-20 03:30:00
728,20250820,2025-08-20,8,20568880,178,214,96116.26,2025-08-20 03:30:00
729,20250820,2025-08-20,9,5517149,178,214,25781.07,2025-08-20 03:30:00
730,20250821,2025-08-21,1,44064916,178,214,205910.82,2025-08-21 03:30:00
731,20250821,2025-08-21,2,28500000,178,214,133177.57,2025-08-21 03:30:00
732,20250821,2025-08-21,3,43434688,178,214,202965.83,2025-08-21 03:30:00
733,20250821,2025-08-21,4,8496000,178,214,39700.93,2025-08-21 03:30:00
734,20250821,2025-08-21,5,18538000,178,214,86626.17,2025-08-21 03:30:00
735,20250821,2025-08-21,6,20672000,178,214,96598.13,2025-08-21 03:30:00
736,20250821,2025-08-21,7,37060000,178,214,173177.57,2025-08-21 03:30:00
737,20250821,2025-08-21,8,20548720,178,214,96022.06,2025-08-21 03:30:00
738,20250821,2025-08-21,9,4972931,178,214,23238.0,2025-08-21 03:30:00
739,20250822,2025-08-22,1,44937112,184,214,209986.5,2025-08-22 03:30:00
740,20250822,2025-08-22,2,28500000,184,214,133177.57,2025-08-22 03:30:00
741,20250822,2025-08-22,3,44174016,184,214,206420.64,2025-08-22 03:30:00
742,20250822,2025-08-22,4,8688000,184,214,40598.13,2025-08-22 03:30:00
743,20250822,2025-08-22,5,18664000,184,214,87214.95,2025-08-22 03:30:00
744,20250822,2025-08-22,6,21116000,184,214,98672.9,2025-08-22 03:30:00
745,20250822,2025-08-22,7,37170000,184,214,173691.59,2025-08-22 03:30:00
746,20250822,2025-08-22,8,21192400,184,214,99029.91,2025-08-22 03:30:00
747,20250822,2025-08-22,9,5142651,184,214,24031.08,2025-08-22 03:30:00
748,20250823,2025-08-23,1,46152898,192,214,215667.75,2025-08-23 03:30:00
749,20250823,2025-08-23,2,29800000,192,214,139252.34,2025-08-23 03:30:00
750,20250823,2025-08-23,3,53255864,192,214,248859.18,2025-08-23 03:30:00
751,20250823,2025-08-23,4,8944000,192,214,41794.39,2025-08-23 03:30:00
752,20250823,2025-08-23,5,18832000,192,214,88000.0,2025-08-23 03:30:00
753,20250823,2025-08-23,6,21708000,192,214,101439.25,2025-08-23 03:30:00
754,20250823,2025-08-23,7,37780000,192,214,176542.06,2025-08-23 03:30:00
755,20250823,2025-08-23,8,21689200,192,214,101351.4,2025-08-23 03:30:00
756,20250823,2025-08-23,9,5247126,192,214,24519.28,2025-08-23 03:30:00
757,20250824,2025-08-24,1,45838948,190,214,214200.69,2025-08-24 03:30:00
758,20250824,2025-08-24,2,29800000,190,214,139252.34,2025-08-24 03:30:00
759,20250824,2025-08-24,3,52894864,190,214,247172.26,2025-08-24 03:30:00
760,20250824,2025-08-24,4,8880000,190,214,41495.33,2025-08-24 03:30:00
761,20250824,2025-08-24,5,18790000,190,214,87803.74,2025-08-24 03:30:00
762,20250824,2025-08-24,6,21560000,190,214,100747.66,2025-08-24 03:30:00
763,20250824,2025-08-24,7,39240000,190,214,183364.49,2025-08-24 03:30:00
764,20250824,2025-08-24,8,21594160,190,214,100907.29,2025-08-24 03:30:00
765,20250824,2025-08-24,9,5253227,190,214,24547.79,2025-08-24 03:30:00
766,20250825,2025-08-25,1,42444154,167,214,198337.17,2025-08-25 03:30:00
767,20250825,2025-08-25,2,28500000,167,214,133177.57,2025-08-25 03:30:00
768,20250825,2025-08-25,3,42050272,167,214,196496.6,2025-08-25 03:30:00
769,20250825,2025-08-25,4,8144000,167,214,38056.07,2025-08-25 03:30:00
770,20250825,2025-08-25,5,18307000,167,214,85546.73,2025-08-25 03:30:00
771,20250825,2025-08-25,6,19858000,167,214,92794.39,2025-08-25 03:30:00
772,20250825,2025-08-25,7,36210000,167,214,169205.61,2025-08-25 03:30:00
773,20250825,2025-08-25,8,19679680,167,214,91961.12,2025-08-25 03:30:00
774,20250825,2025-08-25,9,5810339,167,214,27151.12,2025-08-25 03:30:00
775,20250826,2025-08-26,1,42133168,165,214,196883.96,2025-08-26 03:30:00
776,20250826,2025-08-26,2,28500000,165,214,133177.57,2025-08-26 03:30:00
777,20250826,2025-08-26,3,41776824,165,214,195218.8,2025-08-26 03:30:00
778,20250826,2025-08-26,4,8080000,165,214,37757.01,2025-08-26 03:30:00
779,20250826,2025-08-26,5,18265000,165,214,85350.47,2025-08-26 03:30:00
780,20250826,2025-08-26,6,19710000,165,214,92102.8,2025-08-26 03:30:00
781,20250826,2025-08-26,7,35870000,165,214,167616.82,2025-08-26 03:30:00
782,20250826,2025-08-26,8,19445680,165,214,90867.66,2025-08-26 03:30:00
783,20250826,2025-08-26,9,5615070,165,214,26238.64,2025-08-26 03:30:00
784,20250827,2025-08-27,1,43462210,174,214,203094.44,2025-08-27 03:30:00
785,20250827,2025-08-27,2,28500000,174,214,133177.57,2025-08-27 03:30:00
786,20250827,2025-08-27,3,42913480,174,214,200530.28,2025-08-27 03:30:00
787,20250827,2025-08-27,4,8368000,174,214,39102.8,2025-08-27 03:30:00
788,20250827,2025-08-27,5,18454000,174,214,86233.64,2025-08-27 03:30:00
789,20250827,2025-08-27,6,20376000,174,214,95214.95,2025-08-27 03:30:00
790,20250827,2025-08-27,7,37900000,174,214,177102.8,2025-08-27 03:30:00
791,20250827,2025-08-27,8,20141200,174,214,94117.76,2025-08-27 03:30:00
792,20250827,2025-08-27,9,5469957,174,214,25560.55,2025-08-27 03:30:00
793,20250828,2025-08-28,1,43173454,172,214,201745.11,2025-08-28 03:30:00
794,20250828,2025-08-28,2,28500000,172,214,133177.57,2025-08-28 03:30:00
795,20250828,2025-08-28,3,42669672,172,214,199390.99,2025-08-28 03:30:00
796,20250828,2025-08-28,4,8304000,172,214,38803.74,2025-08-28 03:30:00
797,20250828,2025-08-28,5,18412000,172,214,86037.38,2025-08-28 03:30:00
798,20250828,2025-08-28,6,20228000,172,214,94523.36,2025-08-28 03:30:00
799,20250828,2025-08-28,7,38005000,172,214,177593.46,2025-08-28 03:30:00
800,20250828,2025-08-28,8,20126800,172,214,94050.47,2025-08-28 03:30:00
801,20250828,2025-08-28,9,5331236,172,214,24912.32,2025-08-28 03:30:00
802,20250829,2025-08-29,1,44502496,181,214,207955.59,2025-08-29 03:30:00
803,20250829,2025-08-29,2,28500000,181,214,133177.57,2025-08-29 03:30:00
804,20250829,2025-08-29,3,43806328,181,214,204702.47,2025-08-29 03:30:00
805,20250829,2025-08-29,4,8592000,181,214,40149.53,2025-08-29 03:30:00
806,20250829,2025-08-29,5,18601000,181,214,86920.56,2025-08-29 03:30:00
807,20250829,2025-08-29,6,20894000,181,214,97635.51,2025-08-29 03:30:00
808,20250829,2025-08-29,7,39805000,181,214,186004.67,2025-08-29 03:30:00
809,20250829,2025-08-29,8,20900800,181,214,97667.29,2025-08-29 03:30:00
810,20250829,2025-08-29,9,5280520,181,214,24675.33,2025-08-29 03:30:00
811,20250830,2025-08-30,1,45404332,187,214,212169.78,2025-08-30 03:30:00
812,20250830,2025-08-30,2,29800000,187,214,139252.34,2025-08-30 03:30:00
813,20250830,2025-08-30,3,52401776,187,214,244868.11,2025-08-30 03:30:00
814,20250830,2025-08-30,4,8784000,187,214,41046.73,2025-08-30 03:30:00
815,20250830,2025-08-30,5,18727000,187,214,87509.35,2025-08-30 03:30:00
816,20250830,2025-08-30,6,21338000,187,214,99710.28,2025-08-30 03:30:00
817,20250830,2025-08-30,7,42110000,187,214,196775.7,2025-08-30 03:30:00
818,20250830,2025-08-30,8,21405520,187,214,100025.79,2025-08-30 03:30:00
819,20250830,2025-08-30,9,5588155,187,214,26112.87,2025-08-30 03:30:00
820,20250831,2025-08-31,1,45258472,186,214,211488.19,2025-08-31 03:30:00
821,20250831,2025-08-31,2,29800000,186,214,139252.34,2025-08-31 03:30:00
822,20250831,2025-08-31,3,52236096,186,214,244093.91,2025-08-31 03:30:00
823,20250831,2025-08-31,4,8752000,186,214,40897.2,2025-08-31 03:30:00
824,20250831,2025-08-31,5,18706000,186,214,87411.21,2025-08-31 03:30:00
825,20250831,2025-08-31,6,21264000,186,214,99364.49,2025-08-31 03:30:00
826,20250831,2025-08-31,7,41500000,186,214,193925.23,2025-08-31 03:30:00
827,20250831,2025-08-31,8,21247120,186,214,99285.61,2025-08-31 03:30:00
828,20250831,2025-08-31,9,5016497,186,214,23441.57,2025-08-31 03:30:00
